date,total_pnl,num_trades,avg_size,total_volume,wins,losses,longs,shorts,win_rate,ls_ratio,fg_index,sentiment,sentiment_enc,next_day_pnl,target,pnl_std,vol_bucket
2023-05-01,0.0,3,159.0,477.0,0.0,0.0,3.0,0.0,0.0,3000000000.0,63.0,Greed,3,0.0,0,0.0,Low
2023-12-05,0.0,9,5556.203333333334,50005.83,0.0,0.0,7.0,2.0,0.0,3.49999999825,75.0,Extreme Greed,1,-205.43473700000007,0,0.0,Low
2023-12-14,-205.43473700000007,11,10291.213636363636,113203.35,4.0,2.0,7.0,4.0,0.6666666665555555,1.7499999995625,72.0,Greed,3,-24.632033999999997,0,118.60780070785,Low
2023-12-15,-24.632033999999997,2,5304.975,10609.95,0.0,2.0,0.0,2.0,0.0,0.0,70.0,Greed,3,0.0,0,99.29331713941399,Low
2023-12-16,0.0,3,5116.256666666667,15348.77,0.0,0.0,3.0,0.0,0.0,3000000000.0,67.0,Greed,3,304.982785,1,89.75525672845443,Low
2023-12-17,304.982785,14,8305.572857142857,116278.02,7.0,4.0,14.0,0.0,0.6363636363057851,14000000000.0,73.0,Greed,3,0.0,0,164.2493627908398,Low
2023-12-18,0.0,2,15582.089999999998,31164.179999999997,0.0,0.0,2.0,0.0,0.0,1999999999.9999998,65.0,Greed,3,1000.5386120000001,1,150.0127187248674,Low
2023-12-19,1000.5386120000001,15,6106.827333333334,91602.41,10.0,0.0,15.0,0.0,0.9999999999,15000000000.0,73.0,Greed,3,162.732282,1,402.4245749506405,Low
2023-12-20,162.732282,18,7868.710555555556,141636.79,8.0,0.0,18.0,0.0,0.999999999875,18000000000.0,74.0,Greed,3,537.211402,1,396.7301175950498,Low
2023-12-21,537.211402,49,2555.795306122449,125233.97,26.0,1.0,49.0,0.0,0.9629629629272977,49000000000.0,70.0,Greed,3,141.832675,1,376.21982222455455,Low
2023-12-22,141.832675,10,8887.428,88874.28,2.0,0.0,10.0,0.0,0.9999999995,10000000000.0,74.0,Greed,3,146.936704,1,358.373215809726,Low
2023-12-23,146.936704,13,6033.711538461538,78438.25,8.0,0.0,13.0,0.0,0.999999999875,13000000000.0,70.0,Greed,3,1008.619956,1,341.3079135005312,Low
2023-12-24,1008.619956,39,10332.177948717948,402954.94,15.0,2.0,32.0,7.0,0.8823529411245675,4.5714285707755105,71.0,Greed,3,-245.081348,0,426.4750680292183,Low
2023-12-25,-245.081348,3,19982.836666666666,59948.51,0.0,1.0,3.0,0.0,0.0,3000000000.0,73.0,Greed,3,-704.8892269999999,0,474.8141329850873,Low
2023-12-27,-704.8892269999999,28,6121.823571428571,171411.06,4.0,9.0,28.0,0.0,0.30769230766863903,28000000000.0,73.0,Greed,3,-970.730876,0,543.8018889921904,Low
2023-12-28,-970.730876,23,4352.923913043478,100117.25,0.0,13.0,23.0,0.0,0.0,23000000000.0,73.0,Greed,3,508.92214299999995,1,688.6956614128982,Low
2023-12-29,508.92214299999995,50,11391.1944,569559.72,15.0,5.0,37.0,13.0,0.7499999999625,2.846153845934911,65.0,Greed,3,354.998648,1,685.0067753829429,Low
2023-12-30,354.998648,52,13510.58096153846,702550.21,23.0,10.0,35.0,17.0,0.6969696969485768,2.0588235292906574,68.0,Greed,3,-129.53146,0,697.8286212022385,Low
2024-01-01,-129.53146,18,14679.973888888888,264239.52999999997,1.0,5.0,14.0,4.0,0.16666666663888888,3.499999999125,65.0,Greed,3,783.979116,1,696.8811330963799,Low
2024-01-02,783.979116,17,7138.1611764705885,121348.74,8.0,1.0,0.0,17.0,0.8888888887901234,0.0,71.0,Greed,3,866.015507,1,644.5353642774179,Low
2024-01-03,866.015507,67,5888.050149253731,394499.36,28.0,7.0,67.0,0.0,0.7999999999771429,66999999999.99999,70.0,Greed,3,-67.60364,0,722.7071575151027,Low
2024-01-04,-67.60364,5,19958.508,99792.54000000001,0.0,3.0,5.0,0.0,0.0,5000000000.0,68.0,Greed,3,164.141565,1,639.5914582863085,Low
2024-01-05,164.141565,66,25817.31303030303,1703942.66,13.0,10.0,42.0,24.0,0.5652173912797731,1.7499999999270834,72.0,Greed,3,135.58166400000002,1,391.2887031081844,Low
2024-01-06,135.58166400000002,22,13569.154545454547,298521.4,10.0,2.0,19.0,3.0,0.8333333332638889,6.333333331222222,70.0,Greed,3,-835.681235,0,392.16208254701115,Low
2024-01-07,-835.681235,97,10812.887216494846,1048850.06,9.0,28.0,79.0,18.0,0.24324324323666913,4.388888888645062,71.0,Greed,3,-269.874439,0,578.7258321267528,Low
2024-01-08,-269.874439,128,11894.159609375,1522452.43,32.0,35.0,81.0,47.0,0.4776119402913789,1.7234042552824809,71.0,Greed,3,-826.349863,0,591.5442392420823,Low
2024-01-09,-826.349863,70,12429.313857142857,870051.97,18.0,10.0,50.0,20.0,0.6428571428341837,2.499999999875,76.0,Extreme Greed,1,-1517.091342,0,599.2518859880118,Low
2024-01-10,-1517.091342,193,10660.515440414507,2057479.48,41.0,42.0,103.0,90.0,0.4939759036085063,1.1444444444317283,73.0,Greed,3,-164.08950099999998,0,622.7870380632644,Low
2024-01-11,-164.08950099999998,21,14538.766666666666,305314.1,5.0,4.0,12.0,9.0,0.5555555554938272,1.333333333185185,76.0,Extreme Greed,1,-1925.519024,0,613.6674509443231,Low
2024-01-12,-1925.519024,7,28583.181428571428,200082.27,0.0,2.0,7.0,0.0,0.0,7000000000.0,71.0,Greed,3,152.85358,1,745.8961107766862,Low
2024-01-15,152.85358,14,3616.8642857142854,50636.1,9.0,0.0,14.0,0.0,0.9999999998888889,14000000000.0,52.0,Neutral,4,-2299.171458,0,749.4184724781124,Low
2024-01-16,-2299.171458,9,12936.37,116427.33,3.0,2.0,9.0,0.0,0.59999999988,9000000000.0,64.0,Greed,3,813.2741110000001,1,948.6502683389496,Low
2024-01-17,813.2741110000001,53,15110.019433962265,800831.03,11.0,8.0,28.0,25.0,0.5789473683905817,1.1199999999552,60.0,Greed,3,68.93319,1,1150.3801472913779,Low
2024-01-18,68.93319,46,9231.120217391304,424631.52999999997,3.0,6.0,21.0,25.0,0.3333333332962963,0.8399999999664,63.0,Greed,3,-385.419235,0,1198.7895874871529,Low
2024-01-19,-385.419235,48,8925.603541666665,428428.97,6.0,21.0,32.0,17.0,0.22222222221399177,1.882352941065744,51.0,Neutral,4,-146.57487000000003,0,1144.662185123303,Low
2024-01-20,-146.57487000000003,106,10095.193490566038,1070090.51,15.0,17.0,62.0,44.0,0.4687499999853516,1.4090909090588843,52.0,Neutral,4,266.58114600000005,1,1145.624679352609,Low
2024-01-21,266.58114600000005,11,9375.43090909091,103129.74,3.0,2.0,4.0,7.0,0.59999999988,0.5714285713469388,56.0,Greed,3,1375.640959,1,990.169331126594,Low
2024-01-22,1375.640959,85,3975.0469411764707,337878.99,23.0,18.0,50.0,35.0,0.5609756097424152,1.4285714285306124,55.0,Greed,3,-369.2447299999998,0,1159.9138389187426,Low
2024-01-23,-369.2447299999998,45,9211.531777777778,414518.93000000005,11.0,9.0,27.0,18.0,0.5499999999725,1.4999999999166667,50.0,Neutral,4,-2808.353815,0,653.1464168550231,Low
2024-01-24,-2808.353815,68,14192.42044117647,965084.59,10.0,30.0,41.0,27.0,0.24999999999375003,1.5185185184622771,48.0,Neutral,4,-3093.6293849999997,0,1264.3110350424317,Low
2024-01-25,-3093.6293849999997,6,11094.355000000001,66566.13,0.0,6.0,6.0,0.0,0.0,6000000000.0,52.0,Neutral,4,90.2,1,1629.0124748391454,Low
2024-01-26,90.2,5,2354.642,11773.21,1.0,0.0,5.0,0.0,0.9999999989999999,5000000000.0,49.0,Neutral,4,-2478.06972,0,1655.8329324445378,Low
2024-01-28,-2478.06972,11,1646.2754545454545,18109.03,0.0,11.0,11.0,0.0,0.0,11000000000.0,54.0,Neutral,4,486.562542,1,1764.103311025368,Low
2024-01-29,486.562542,74,5597.407837837838,414208.18,45.0,0.0,46.0,28.0,0.9999999999777779,1.6428571427984693,55.0,Greed,3,-173.65419100000003,0,1792.2123612159492,Low
2024-01-30,-173.65419100000003,49,8183.905714285715,401011.38,5.0,14.0,19.0,30.0,0.26315789472299167,0.6333333333122222,61.0,Greed,3,-799.840817,0,1530.704199683322,Low
2024-01-31,-799.840817,859,7340.683504074505,6305647.13,231.0,205.0,408.0,453.0,0.5298165137602527,0.9006622516536409,60.0,Greed,3,0.0,0,1500.4686911188055,Low
2024-02-01,0.0,6,334.69666666666666,2008.18,0.0,0.0,6.0,0.0,0.0,6000000000.0,63.0,Greed,3,456.423473,1,1386.678908054241,Low
2024-02-02,456.423473,42,11292.343571428572,474278.43,13.0,8.0,28.0,14.0,0.6190476190181405,1.999999999857143,63.0,Greed,3,223.30918699999998,1,1035.0864890570215,Low
2024-02-03,223.30918699999998,56,10782.5,603820.0,6.0,6.0,18.0,38.0,0.49999999995833333,0.47368421051385046,60.0,Greed,3,47.62389499999999,1,1045.5937608752208,Low
2024-02-04,47.62389499999999,35,5805.358,203187.53,9.0,19.0,23.0,12.0,0.32142857141709186,1.9166666665069445,60.0,Greed,3,-33.45419400000003,0,439.4777118803134,Low
2024-02-05,-33.45419400000003,72,10697.198055555556,770198.26,14.0,18.0,47.0,25.0,0.43749999998632816,1.8799999999248,60.0,Greed,3,-215.615907,0,391.6440291261578,Low
2024-02-06,-215.615907,1088,7396.280707720588,8047153.41,179.0,344.0,541.0,564.0,0.34225621414848517,0.9592198581543276,64.0,Greed,3,241.24212,1,394.34357276776393,Low
2024-02-07,241.24212,15,450.582,6758.73,2.0,0.0,5.0,10.0,0.9999999995,0.49999999995,62.0,Greed,3,770.756024,1,220.72017822175462,Low
2024-02-08,770.756024,10,2605.112,26051.12,4.0,0.0,4.0,6.0,0.99999999975,0.6666666665555555,66.0,Greed,3,983.443176,1,327.3762144329439,Low
2024-02-11,983.443176,34,6244.465294117647,212311.82,7.0,0.0,22.0,12.0,0.9999999998571428,1.8333333331805555,71.0,Greed,3,913.8817869999998,1,435.470626608312,Low
2024-02-12,913.8817869999998,16,14202.981249999999,227247.69999999998,6.0,9.0,4.0,12.0,0.39999999997333335,0.33333333330555553,70.0,Greed,3,559.44389,1,492.7755652561661,Low
2024-02-13,559.44389,14,142.85642857142858,1999.99,14.0,0.0,14.0,0.0,0.9999999999285715,14000000000.0,79.0,Extreme Greed,1,3830.599833,1,471.5698465563437,Low
2024-02-14,3830.599833,111,2890.4493693693694,320839.88,83.0,1.0,74.0,37.0,0.988095238083475,1.9999999999459461,74.0,Greed,3,1840.797677,1,1311.4280955635281,Low
2024-02-15,1840.797677,63,2939.4926984126987,185188.04,57.0,3.0,8.0,55.0,0.9499999999841667,0.14545454545190084,72.0,Greed,3,5491.768834,1,1217.5763816381002,Low
2024-02-16,5491.768834,182,3103.826978021978,564896.51,146.0,0.0,61.0,121.0,0.9999999999931508,0.5041322314007923,72.0,Greed,3,1929.6418,1,1886.1940632082153,Low
2024-02-17,1929.6418,94,4320.405,406118.07,61.0,4.0,69.0,25.0,0.9384615384471006,2.7599999998896,76.0,Extreme Greed,1,477.6248299999999,1,1803.656308185444,Low
2024-02-18,477.6248299999999,97,1619.0532989690723,157048.17,61.0,7.0,82.0,15.0,0.8970588235162197,5.466666666302222,72.0,Greed,3,4317.768563,1,1870.413887856141,Low
2024-02-19,4317.768563,101,2835.417821782178,286377.2,77.0,2.0,57.0,45.0,0.9746835442914596,1.2666666666385187,75.0,Extreme Greed,1,3263.628824,1,1937.0417513357095,Low
2024-02-20,3263.628824,39,3062.0441025641026,119419.72,31.0,1.0,29.0,10.0,0.9687499999697267,2.89999999971,72.0,Greed,3,1858.7985700000002,1,1710.4250026906677,Low
2024-02-21,1858.7985700000002,22,4911.250909090909,108047.51999999999,15.0,0.0,22.0,0.0,0.9999999999333333,22000000000.0,78.0,Extreme Greed,1,3894.1050699999996,1,1717.3562579068,Low
2024-02-22,3894.1050699999996,88,4239.02125,373033.87,40.0,14.0,88.0,2.0,0.7407407407270233,43.999999978,74.0,Greed,3,1418.55293,1,1713.5224845743749,Low
2024-02-23,1418.55293,143,776.966013986014,111106.14,137.0,1.0,11.0,132.0,0.992753623181212,0.08333333333270203,76.0,Extreme Greed,1,-30.7705,0,1402.997668424881,Low
2024-02-25,-30.7705,5,896.0260000000001,4480.13,0.0,2.0,0.0,5.0,0.0,0.0,74.0,Greed,3,4416.8473,1,1690.685372447005,Low
2024-02-26,4416.8473,39,4927.875384615385,192187.14,34.0,0.0,9.0,30.0,0.9999999999705883,0.29999999999,72.0,Greed,3,888.511733,1,1688.538948907862,Low
2024-02-27,888.511733,63,3323.2111111111108,209362.3,26.0,16.0,23.0,40.0,0.6190476190328799,0.574999999985625,79.0,Extreme Greed,1,2503.747235,1,1649.5164415816396,Low
2024-02-28,2503.747235,45,3802.380666666667,171107.13,39.0,0.0,12.0,33.0,0.9999999999743591,0.3636363636253444,82.0,Extreme Greed,1,9813.996992,1,1595.3645081241157,Low
2024-02-29,9813.996992,116,3410.9200862068965,395666.73,100.0,0.0,46.0,71.0,0.99999999999,0.6478873239345367,80.0,Extreme Greed,1,8244.241409,1,3294.1919142728398,Low
2024-03-01,8244.241409,137,3452.370072992701,472974.7,128.0,0.0,107.0,30.0,0.9999999999921876,3.566666666547778,80.0,Extreme Greed,1,230.90060000000005,1,3802.230857659121,Low
2024-03-02,230.90060000000005,31,2038.6309677419354,63197.56,21.0,7.0,2.0,29.0,0.7499999999732143,0.06896551723900118,80.0,Extreme Greed,1,8361.086245,1,3954.527754120383,Low
2024-03-03,8361.086245,79,4946.1478481012655,390745.68,54.0,0.0,60.0,19.0,0.9999999999814816,3.1578947366759005,83.0,Extreme Greed,1,27799.775742,1,3898.1790525768524,Low
2024-03-04,27799.775742,300,5259.989566666667,1577996.87,266.0,4.0,149.0,151.0,0.9851851851815364,0.9867549668808825,82.0,Extreme Greed,1,19791.026041,1,9453.111137032827,Low
2024-03-05,19791.026041,180,4676.724,841810.32,163.0,0.0,132.0,48.0,0.9999999999938651,2.7499999999427085,90.0,Extreme Greed,1,6814.825139,1,9692.177132294135,Low
2024-03-06,6814.825139,82,3990.4636585365856,327218.02,72.0,0.0,29.0,53.0,0.9999999999861111,0.5471698113104307,75.0,Extreme Greed,1,4271.886236,1,9188.928825129502,Low
2024-03-08,4271.886236,67,2740.047462686567,183583.18,59.0,0.0,48.0,19.0,0.9999999999830509,2.52631578934072,81.0,Extreme Greed,1,9949.501624,1,9596.12607608513,Low
2024-03-09,9949.501624,117,5625.459401709401,658178.75,97.0,10.0,26.0,91.0,0.906542056066294,0.285714285711146,84.0,Extreme Greed,1,2482.9272,1,9542.29069399009,Low
2024-03-10,2482.9272,42,5237.472619047619,219973.85,29.0,9.0,0.0,42.0,0.7631578947167591,0.0,79.0,Extreme Greed,1,3588.179495,1,9147.253377106663,Low
2024-03-11,3588.179495,42,4202.844047619047,176519.44999999998,39.0,0.0,29.0,13.0,0.9999999999743591,2.230769230597633,82.0,Extreme Greed,1,3039.166,1,9575.315635724623,Low
2024-03-12,3039.166,8,12880.10625,103040.85,7.0,0.0,8.0,0.0,0.9999999998571428,7999999999.999999,81.0,Extreme Greed,1,0.0,0,6156.215180413859,Low
2024-03-13,0.0,7,857.2571428571428,6000.799999999999,0.0,0.0,7.0,0.0,0.0,7000000000.0,81.0,Extreme Greed,1,3465.865832,1,3217.914441778105,Low
2024-03-14,3465.865832,18,11440.732222222221,205933.18,16.0,0.0,18.0,0.0,0.9999999999375,18000000000.0,88.0,Extreme Greed,1,6236.513651,1,3026.0958273385704,Low
2024-03-15,6236.513651,62,5675.71629032258,351894.41,41.0,0.0,39.0,23.0,0.9999999999756098,1.6956521738393195,83.0,Extreme Greed,1,228.57984,1,3162.150838374051,Low
2024-03-16,228.57984,8,4652.9575,37223.66,1.0,0.0,6.0,2.0,0.9999999989999999,2.9999999985,81.0,Extreme Greed,1,503.293955,1,2138.518349131189,Low
2024-03-17,503.293955,23,4326.389130434783,99506.95,10.0,0.0,16.0,7.0,0.9999999999,2.2857142853877552,79.0,Extreme Greed,1,1456.9577,1,2299.927307272186,Low
2024-03-18,1456.9577,19,4760.951578947369,90458.08,6.0,0.0,19.0,0.0,0.9999999998333333,19000000000.0,77.0,Extreme Greed,1,668.797973,1,2262.9616473578258,Low
2024-03-19,668.797973,24,9161.868333333334,219884.84,5.0,2.0,14.0,10.0,0.7142857141836735,1.39999999986,79.0,Extreme Greed,1,6423.134599,1,2282.018032665518,Low
2024-03-20,6423.134599,69,3126.171739130435,215705.85,60.0,0.0,45.0,24.0,0.9999999999833334,1.874999999921875,74.0,Greed,3,2335.5080749999997,1,2694.3952276930577,Low
2024-03-21,2335.5080749999997,28,4210.556071428572,117895.57,23.0,0.0,5.0,23.0,0.9999999999565218,0.21739130433837428,78.0,Extreme Greed,1,1297.018477,1,2675.4818858191793,Low
2024-03-24,1297.018477,19,4873.274210526315,92592.20999999999,15.0,0.0,0.0,19.0,0.9999999999333333,0.0,74.0,Greed,3,1302.916428,1,2138.8164636108286,Low
2024-03-25,1302.916428,7,8159.4742857142855,57116.32,6.0,0.0,6.0,1.0,0.9999999998333333,5.9999999939999995,75.0,Extreme Greed,1,3215.906593,1,2039.7669298754422,Low
2024-03-26,3215.906593,118,1682.7558474576272,198565.19,110.0,0.0,116.0,2.0,0.999999999990909,57.999999971,81.0,Extreme Greed,1,150.41114,1,1964.71384233343,Low
2024-03-27,150.41114,38,2628.020789473684,99864.79,12.0,7.0,24.0,14.0,0.63157894733518,1.7142857141632653,83.0,Extreme Greed,1,227.85100799999998,1,2123.3157055191273,Low
2024-03-28,227.85100799999998,13,2717.209230769231,35323.72,9.0,0.0,3.0,10.0,0.9999999998888889,0.29999999997,80.0,Extreme Greed,1,883.097404,1,2182.0112527385436,Low
2024-03-29,883.097404,15,5794.291333333333,86914.37,6.0,0.0,15.0,0.0,0.9999999998333333,15000000000.0,79.0,Extreme Greed,1,1100.57514,1,1108.5943542144676,Low
2024-03-30,1100.57514,45,2246.753777777778,101103.92,44.0,0.0,45.0,0.0,0.9999999999772728,45000000000.0,75.0,Extreme Greed,1,912.786145,1,1019.3013938493795,Low
2024-03-31,912.786145,13,3070.2276923076925,39912.96,10.0,0.0,10.0,3.0,0.9999999999,3.3333333322222223,75.0,Extreme Greed,1,2507.963406,1,1021.5547533058127,Low
2024-04-01,2507.963406,77,4408.7074025974025,339470.47,42.0,1.0,69.0,9.0,0.9767441860237968,7.666666665814815,79.0,Extreme Greed,1,883.760812,1,1152.0254028829238,Low
2024-04-02,883.760812,41,5845.475853658536,239664.50999999998,12.0,0.0,16.0,25.0,0.9999999999166667,0.6399999999744,79.0,Extreme Greed,1,126.7884,1,776.8498549724338,Low
2024-04-03,126.7884,4,4221.8925,16887.57,1.0,0.0,4.0,0.0,0.9999999989999999,3999999999.9999995,71.0,Greed,3,0.0,0,780.9545922293137,Low
2024-04-04,0.0,32,2999.6165625,95987.73,0.0,0.0,0.0,32.0,0.0,0.0,70.0,Greed,3,10706.484306,1,819.8025607441595,Low
2024-04-05,10706.484306,100,5037.918,503791.8,90.0,0.0,93.0,7.0,0.9999999999888889,13.285714283816326,79.0,Extreme Greed,1,236.33513399999998,1,3787.942643487855,Low
2024-04-06,236.33513399999998,16,4263.979375,68223.67,4.0,0.0,4.0,12.0,0.99999999975,0.33333333330555553,75.0,Extreme Greed,1,0.0,0,3847.9131176345104,Low
2024-04-07,0.0,23,2173.397391304348,49988.14,0.0,0.0,0.0,23.0,0.0,0.0,78.0,Extreme Greed,1,1218.4267,1,3913.564387269666,Low
2024-04-08,1218.4267,30,7064.688,211940.64,1.0,0.0,0.0,30.0,0.9999999989999999,0.0,76.0,Extreme Greed,1,0.0,0,3919.633532729391,Low
2024-04-09,0.0,3,19021.280000000002,57063.840000000004,0.0,0.0,0.0,3.0,0.0,0.0,80.0,Extreme Greed,1,5207.443414,1,3971.0299222608073,Low
2024-04-10,5207.443414,41,8578.926097560974,351735.97,36.0,0.0,6.0,35.0,0.9999999999722223,0.1714285714236735,78.0,Extreme Greed,1,389.743164,1,4086.3753304675965,Low
2024-04-11,389.743164,16,4775.06,76400.96,2.0,0.0,16.0,0.0,0.9999999995,15999999999.999998,76.0,Extreme Greed,1,-592.6458390000001,0,4049.4214833778406,Low
2024-04-12,-592.6458390000001,129,3427.0433333333335,442088.59,71.0,30.0,114.0,15.0,0.7029702970227428,7.599999999493333,79.0,Extreme Greed,1,6621.451755,1,1966.4114393080756,Low
2024-04-13,6621.451755,89,5465.294943820225,486411.25,61.0,0.0,63.0,26.0,0.9999999999836067,2.4230769229837277,72.0,Greed,3,-36104.012520000004,0,2868.8075110074133,Low
2024-04-14,-36104.012520000004,107,6160.394112149533,659162.17,33.0,41.0,80.0,27.0,0.44594594593991965,2.9629629628532235,72.0,Greed,3,3774.08872,1,14714.853879773384,Low
2024-04-15,3774.08872,41,7100.272926829269,291111.19,35.0,0.0,27.0,14.0,0.9999999999714286,1.9285714284336735,74.0,Greed,3,2467.702221,1,14877.116513689007,Low
2024-04-16,2467.702221,47,3870.3653191489366,181907.17,43.0,0.0,14.0,31.0,0.9999999999767443,0.4516129032112383,65.0,Greed,3,2441.4683999999997,1,14987.709744386078,Low
2024-04-17,2441.4683999999997,14,6968.785000000001,97562.99,13.0,0.0,0.0,14.0,0.9999999999230769,0.0,67.0,Greed,3,1946.4454620000001,1,14782.463229508521,Low
2024-04-19,1946.4454620000001,35,9635.940571428573,337257.92000000004,27.0,0.0,32.0,3.0,0.999999999962963,10.66666666311111,66.0,Greed,3,0.0,0,14853.501664812233,Low
2024-04-20,0.0,22,2760.601818181818,60733.24,0.0,0.0,0.0,2.0,0.0,0.0,66.0,Greed,3,0.0,0,14869.71374689389,Low
2024-04-22,0.0,9,5332.623333333333,47993.61,0.0,0.0,0.0,9.0,0.0,0.0,73.0,Greed,3,1119.536196,1,14380.986713008639,Low
2024-04-23,1119.536196,66,3531.1348484848486,233054.9,35.0,0.0,37.0,30.0,0.9999999999714286,1.2333333332922223,71.0,Greed,3,279.185907,1,1391.3670018861917,Low
2024-04-24,279.185907,20,7063.762,141275.24,6.0,1.0,20.0,0.0,0.8571428570204082,20000000000.0,72.0,Greed,3,0.0,0,1113.3160305053095,Low
2024-04-25,0.0,74,1624.8785135135136,120241.01,0.0,0.0,6.0,0.0,0.0,6000000000.0,72.0,Greed,3,0.0,0,1024.4616688022293,Low
2024-04-26,0.0,3,1662.7633333333335,4988.290000000001,0.0,0.0,0.0,0.0,0.0,0.0,70.0,Greed,3,4281.488139,1,766.0900415126755,Low
2024-04-27,4281.488139,27,5713.498888888889,154264.47,19.0,0.0,19.0,8.0,0.9999999999473684,2.374999999703125,67.0,Greed,3,0.0,0,1583.93977497352,Low
2024-04-28,0.0,58,758.3724137931034,43985.6,0.0,0.0,0.0,8.0,0.0,0.0,65.0,Greed,3,526.9338359999999,1,1583.93977497352,Low
2024-04-29,526.9338359999999,45,2415.5335555555553,108699.01,17.0,0.0,7.0,24.0,0.9999999999411765,0.2916666666545139,67.0,Greed,3,0.0,0,1551.1294234796103,Low
2024-04-30,0.0,24,5209.114583333333,125018.75,0.0,0.0,24.0,0.0,0.0,24000000000.0,67.0,Greed,3,0.0,0,1580.562430766481,Low
2024-05-01,0.0,14,6216.103571428571,87025.45,0.0,0.0,14.0,0.0,0.0,14000000000.0,54.0,Neutral,4,5306.017045,1,1597.1751683591735,Low
2024-05-03,5306.017045,36,7852.295833333333,282682.64999999997,17.0,2.0,18.0,12.0,0.8947368420581717,1.499999999875,48.0,Neutral,4,0.0,0,2314.7376748778306,Low
2024-05-04,0.0,9,6555.416666666667,58998.75,0.0,0.0,0.0,9.0,0.0,0.0,67.0,Greed,3,0.916,1,2314.7376748778306,Low
2024-05-05,0.916,6,4011.391666666667,24068.350000000002,1.0,0.0,0.0,6.0,0.9999999989999999,0.0,69.0,Greed,3,968.59038,1,1981.9803476371128,Low
2024-05-06,968.59038,9,22890.714444444442,206016.43,4.0,0.0,4.0,5.0,0.99999999975,0.79999999984,71.0,Greed,3,883.537693,1,1947.612001796324,Low
2024-05-07,883.537693,18,6039.865555555556,108717.58,9.0,0.0,5.0,8.0,0.9999999998888889,0.624999999921875,68.0,Greed,3,1.56576,1,1938.6802777319592,Low
2024-05-08,1.56576,13,5074.89,65973.57,1.0,1.0,12.0,1.0,0.49999999975,11.999999987999999,64.0,Greed,3,1147.595856,1,1938.5426974660902,Low
2024-05-09,1147.595856,28,7927.361428571428,221966.12,11.0,0.0,20.0,5.0,0.9999999999090909,3.9999999992,55.0,Greed,3,2101.741695,1,1885.4117474068062,Low
2024-05-10,2101.741695,22,7131.0,156882.0,6.0,0.0,10.0,12.0,0.9999999998333333,0.8333333332638889,66.0,Greed,3,251.604742,1,788.6312464178069,Low
2024-05-11,251.604742,9,7027.661111111111,63248.95,9.0,0.0,9.0,0.0,0.9999999998888889,9000000000.0,53.0,Neutral,4,0.0,0,754.8718457370081,Low
2024-05-12,0.0,23,2399.111304347826,55179.56,0.0,0.0,17.0,0.0,0.0,16999999999.999998,56.0,Greed,3,2136.853859,1,755.0264549997021,Low
2024-05-13,2136.853859,28,6897.103571428571,193118.9,10.0,0.0,15.0,10.0,0.9999999999,1.49999999985,57.0,Greed,3,1150.5233050000002,1,918.8822949635374,Low
2024-05-14,1150.5233050000002,23,6341.452173913043,145853.4,4.0,0.0,19.0,4.0,0.99999999975,4.7499999988125,66.0,Greed,3,948.970582,1,922.0785185492839,Low
2024-05-15,948.970582,36,6525.626944444444,234922.57,17.0,0.0,24.0,12.0,0.9999999999411765,1.9999999998333333,64.0,Greed,3,214.5898,1,820.1378001700689,Low
2024-05-16,214.5898,27,6022.998518518518,162620.96,5.0,0.0,9.0,15.0,0.9999999998,0.59999999996,70.0,Greed,3,3522.3946610000003,1,885.346002236999,Low
2024-05-18,3522.3946610000003,25,5052.1256,126303.14,16.0,0.0,9.0,16.0,0.9999999999375,0.5624999999648438,73.0,Greed,3,0.0,0,1267.7266070383002,Low
2024-05-19,0.0,8,3749.76125,29998.09,0.0,0.0,8.0,0.0,0.0,7999999999.999999,72.0,Greed,3,-74.818442,0,1301.390448863967,Low
2024-05-20,-74.818442,10,3812.475,38124.75,0.0,3.0,10.0,0.0,0.0,10000000000.0,70.0,Greed,3,7289.397571999999,1,1312.5639177061707,Low
2024-05-21,7289.397571999999,125,8807.588720000002,1100948.59,14.0,11.0,32.0,93.0,0.5599999999776,0.3440860215016765,76.0,Extreme Greed,1,0.0,0,2692.1368563361398,Low
2024-05-22,0.0,6,7499.215,44995.29,0.0,0.0,0.0,6.0,0.0,0.0,76.0,Extreme Greed,1,413.347329,1,2776.777407613203,Low
2024-05-23,413.347329,325,1236.4633846153845,401850.6,145.0,11.0,90.0,236.0,0.9294871794812213,0.38135593220177394,76.0,Extreme Greed,1,821.949278,1,2808.1275990440504,Low
2024-05-24,821.949278,2,25405.949999999997,50811.899999999994,2.0,0.0,2.0,0.0,0.9999999995,1999999999.9999998,74.0,Greed,3,14.126038999999999,1,2766.4107324062093,Low
2024-05-25,14.126038999999999,16,1874.4456249999998,29991.129999999997,5.0,0.0,2.0,14.0,0.9999999998,0.14285714284693876,76.0,Extreme Greed,1,778.6839,1,2700.412977650634,Low
2024-05-26,778.6839,16,3373.541875,53976.67,4.0,0.0,2.0,14.0,0.99999999975,0.14285714284693876,75.0,Extreme Greed,1,1129.35587,1,2658.007660447579,Low
2024-05-27,1129.35587,251,602.0546613545816,151115.72,90.0,3.0,0.0,251.0,0.9677419354734651,0.0,74.0,Greed,3,277.791953,1,2590.7779739613507,Low
2024-05-29,277.791953,164,513.8339024390243,84268.76,68.0,3.0,15.0,144.0,0.95774647885975,0.10416666666594329,72.0,Greed,3,20.951433,1,432.0039767702724,Low
2024-05-30,20.951433,7,405.4414285714286,2838.09,5.0,0.0,0.0,7.0,0.9999999998,0.0,73.0,Greed,3,25.35812,1,428.09208737507527,Low
2024-05-31,25.35812,13,279.70307692307694,3636.14,4.0,0.0,0.0,13.0,0.99999999975,0.0,73.0,Greed,3,91.510419,1,463.8594230988647,Low
2024-06-01,91.510419,25,513.3848,12834.62,9.0,0.0,0.0,25.0,0.9999999998888889,0.0,72.0,Greed,3,192.906947,1,444.94828005863724,Low
2024-06-02,192.906947,93,316.822688172043,29464.51,34.0,0.0,0.0,93.0,0.9999999999705883,0.0,73.0,Greed,3,562.808208,1,428.35090678594605,Low
2024-06-03,562.808208,70,306.66942857142857,21466.86,44.0,0.0,0.0,70.0,0.9999999999772728,0.0,73.0,Greed,3,52.211438,1,399.9733793158787,Low
2024-06-04,52.211438,53,457.42283018867926,24243.41,25.0,0.0,0.0,53.0,0.99999999996,0.0,73.0,Greed,3,56.055506,1,195.55601914798575,Low
2024-06-05,56.055506,54,469.4587037037037,25350.77,16.0,1.0,0.0,54.0,0.941176470532872,0.0,75.0,Extreme Greed,1,274.173187,1,194.04384924360727,Low
2024-06-06,274.173187,234,587.8536752136753,137557.76,100.0,2.0,2.0,232.0,0.9803921568531334,0.008620689655135256,78.0,Extreme Greed,1,8902.467416,1,191.05428383718922,Low
2024-06-07,8902.467416,440,2496.7926363636366,1098588.76,176.0,2.0,119.0,307.0,0.9887640449382654,0.38762214983587095,77.0,Extreme Greed,1,129.13883900000002,1,3292.202250644124,Low
2024-06-08,129.13883900000002,29,3356.961379310345,97351.88,8.0,0.0,29.0,0.0,0.999999999875,29000000000.0,72.0,Greed,3,0.0,0,3289.6490196548375,Low
2024-06-09,0.0,17,1318.2482352941176,22410.22,0.0,0.0,5.0,0.0,0.0,5000000000.0,75.0,Extreme Greed,1,31.266804999999998,1,3302.744669662214,Low
2024-06-10,31.266804999999998,53,879.0175471698113,46587.93,18.0,0.0,4.0,49.0,0.9999999999444444,0.08163265305955852,72.0,Greed,3,4320.631811,1,3331.860615895421,Low
2024-06-11,4320.631811,123,3034.7960975609753,373279.92,17.0,0.0,54.0,8.0,0.9999999999411765,6.74999999915625,74.0,Greed,3,-21886.531493,0,3443.6199888972696,Low
2024-06-12,-21886.531493,254,761.4486614173228,193407.96,21.0,57.0,0.0,217.0,0.26923076922731753,0.0,72.0,Greed,3,6632.757115,1,9724.208955222874,Low
2024-06-13,6632.757115,79,1678.1926582278481,132577.22,19.0,1.0,4.0,17.0,0.9499999999525,0.235294117633218,70.0,Greed,3,10258.592609,1,10169.017212311215,Low
2024-06-14,10258.592609,31,4511.892258064517,139868.66,15.0,0.0,16.0,15.0,0.9999999999333333,1.0666666665955555,74.0,Greed,3,3369.958346,1,10383.482077117487,Low
2024-06-15,3369.958346,78,9209.61858974359,718350.25,38.0,0.0,47.0,31.0,0.9999999999736843,1.5161290322091572,74.0,Greed,3,0.0,0,10465.943164549297,Low
2024-06-16,0.0,11,2294.0981818181817,25235.079999999998,0.0,0.0,0.0,11.0,0.0,0.0,71.0,Greed,3,10599.502375,1,10465.943164549297,Low
2024-06-17,10599.502375,38,9694.213684210526,368380.12,25.0,1.0,14.0,24.0,0.9615384615014793,0.5833333333090278,71.0,Greed,3,282.57636,1,11145.819205396228,Low
2024-06-18,282.57636,25,10532.5916,263314.79,4.0,0.0,25.0,0.0,0.99999999975,25000000000.0,74.0,Greed,3,4887.656944,1,11104.031030059274,Low
2024-06-19,4887.656944,61,6837.231475409836,417071.12,31.0,0.0,34.0,4.0,0.9999999999677419,8.499999997875,64.0,Greed,3,57478.456026,1,4309.775650927653,Low
2024-06-20,57478.456026,39,5333.097435897435,207990.8,8.0,0.0,0.0,8.0,0.999999999875,0.0,60.0,Greed,3,773.5582039999999,1,20324.29859301067,Low
2024-06-21,773.5582039999999,80,2203.306125,176264.49,3.0,0.0,17.0,15.0,0.9999999996666666,1.1333333332577777,63.0,Greed,3,756.876565,1,20802.27114256975,Low
2024-06-22,756.876565,24,7066.427916666667,169594.27000000002,8.0,0.0,12.0,0.0,0.999999999875,12000000000.0,53.0,Neutral,4,0.0,0,20985.82037516937,Low
2024-06-23,0.0,5,358.424,1792.12,0.0,0.0,0.0,0.0,0.0,0.0,55.0,Greed,3,0.0,0,20985.82037516937,Low
2024-06-24,0.0,31,13000.090322580645,403002.8,0.0,0.0,25.0,0.0,0.0,25000000000.0,51.0,Neutral,4,4869.353105,1,21371.672639619446,Low
2024-06-25,4869.353105,49,2104.062857142857,103099.08,11.0,0.0,0.0,28.0,0.9999999999090909,0.0,30.0,Fear,2,4197.732182,1,21122.69065568051,Low
2024-06-26,4197.732182,72,5072.092500000001,365190.66000000003,21.0,0.0,21.0,10.0,0.999999999952381,2.09999999979,46.0,Neutral,4,0.0,0,21151.151886538017,Low
2024-06-27,0.0,30,4349.565,130486.95,0.0,0.0,0.0,18.0,0.0,0.0,40.0,Fear,2,6150.326145,1,2099.9559836704057,Low
2024-06-29,6150.326145,75,3734.6014666666665,280095.11,24.0,0.0,5.0,23.0,0.9999999999583333,0.21739130433837428,30.0,Fear,2,0.0,0,2685.6701996376814,Low
2024-06-30,0.0,14,2180.049285714286,30520.69,0.0,0.0,3.0,0.0,0.0,3000000000.0,47.0,Neutral,4,5065.839308,1,2771.181873828645,Low
2024-07-01,5065.839308,64,5666.721093749999,362670.14999999997,26.0,0.0,22.0,17.0,0.9999999999615384,1.294117646982699,53.0,Neutral,4,2421.253116,1,2770.315876950505,Low
2024-07-02,2421.253116,18,1852.6372222222224,33347.47,13.0,0.0,0.0,8.0,0.9999999999230769,0.0,51.0,Neutral,4,1118.387284,1,2484.6592860050127,Low
2024-07-03,1118.387284,18,9977.814444444444,179600.66,4.0,0.0,7.0,4.0,0.99999999975,1.7499999995625,50.0,Neutral,4,0.0,0,2480.051644672061,Low
2024-07-04,0.0,25,17222.720400000002,430568.01,0.0,0.0,22.0,0.0,0.0,22000000000.0,44.0,Fear,2,0.0,0,2565.7249421124725,Low
2024-07-05,0.0,32,8509.0590625,272289.89,0.0,0.0,20.0,0.0,0.0,20000000000.0,29.0,Fear,2,108.87217799999999,1,2565.7249421124725,Low
2024-07-06,108.87217799999999,24,103.75708333333334,2490.17,7.0,0.0,0.0,0.0,0.9999999998571428,0.0,26.0,Fear,2,61.428942,1,1912.2097408594034,Low
2024-07-07,61.428942,10,49.875,498.75,10.0,0.0,0.0,0.0,0.9999999999,0.0,29.0,Fear,2,0.0,0,1905.6741724444967,Low
2024-07-08,0.0,1,497.64,497.64,0.0,0.0,0.0,0.0,0.0,0.0,28.0,Fear,2,648.984412,1,927.5995385151994,Low
2024-07-09,648.984412,15,182.42999999999998,2736.45,15.0,0.0,0.0,0.0,0.9999999999333333,0.0,27.0,Fear,2,11977.734907,1,438.03149780094606,Low
2024-07-10,11977.734907,56,12283.93232142857,687900.21,38.0,0.0,43.0,8.0,0.9999999999736843,5.374999999328125,28.0,Fear,2,1876.812082,1,4481.594248733784,Low
2024-07-11,1876.812082,19,8941.422105263156,169887.02,9.0,0.0,19.0,0.0,0.9999999998888889,19000000000.0,29.0,Fear,2,1412.314654,1,4409.557236254354,Low
2024-07-12,1412.314654,19,4714.893157894737,89582.97,9.0,0.0,10.0,9.0,0.9999999998888889,1.1111111109876544,25.0,Fear,2,2913.617837,1,4329.235744506816,Low
2024-07-13,2913.617837,17,8187.599411764706,139189.19,17.0,0.0,13.0,0.0,0.9999999999411765,13000000000.0,25.0,Fear,2,0.0,0,4221.304691782515,Low
2024-07-14,0.0,7,12000.16142857143,84001.13,0.0,0.0,0.0,7.0,0.0,0.0,33.0,Fear,2,-1.0,0,4227.759920306405,Low
2024-07-15,-1.0,26,7628.6480769230775,198344.85,0.0,2.0,0.0,26.0,0.0,0.0,52.0,Neutral,4,0.0,0,4227.865977978025,Low
2024-07-16,0.0,22,6545.480454545454,144000.57,0.0,0.0,0.0,22.0,0.0,0.0,65.0,Greed,3,1859.269477,1,4286.782130836061,Low
2024-07-17,1859.269477,351,1783.4915384615385,626005.53,145.0,10.0,0.0,351.0,0.9354838709617066,0.0,69.0,Greed,3,3803.884311,1,1167.6371808295175,Low
2024-07-18,3803.884311,60,10828.414166666666,649704.85,48.0,0.0,12.0,48.0,0.9999999999791668,0.2499999999947917,61.0,Greed,3,2155.891114,1,1536.1491931682065,Low
2024-07-19,2155.891114,23,6533.453043478262,150269.42,12.0,0.0,13.0,10.0,0.9999999999166667,1.29999999987,60.0,Greed,3,2299.169566,1,1560.4913870617972,Low
2024-07-20,2299.169566,266,918.65492481203,244362.21,33.0,3.0,5.0,261.0,0.9166666666412038,0.019157088122531966,74.0,Greed,3,-2960.716887,0,1485.3670430316695,Low
2024-07-21,-2960.716887,448,523.0077232142856,234307.46,21.0,215.0,3.0,445.0,0.08898305084708058,0.006741573033692716,74.0,Greed,3,1517.119876,1,2210.196732061551,Low
2024-07-22,1517.119876,154,1975.4142857142856,304213.8,22.0,84.0,14.0,141.0,0.20754716980936275,0.09929078014113979,70.0,Greed,3,89890.302206,1,2167.1066655473132,Low
2024-07-23,89890.302206,370,968.9906486486486,358526.54,329.0,35.0,231.0,139.0,0.9038461538436707,1.6618705035851666,71.0,Greed,3,625.561479,1,33494.60417427879,Low
2024-07-24,625.561479,90,768.977,69207.93,18.0,0.0,3.0,27.0,0.9999999999444444,0.11111111110699588,69.0,Greed,3,916.7382600000001,1,33572.78415284071,Low
2024-07-25,916.7382600000001,78,6776.350128205129,528555.31,10.0,0.0,65.0,10.0,0.9999999999,6.49999999935,68.0,Greed,3,2766.513113,1,33734.896602653505,Low
2024-07-26,2766.513113,152,3609.1292763157894,548587.65,61.0,0.0,39.0,111.0,0.9999999999836067,0.351351351348186,68.0,Greed,3,6400.623656,1,33701.47108556586,Low
2024-07-27,6400.623656,57,15880.697368421053,905199.75,42.0,0.0,51.0,5.0,0.9999999999761906,10.19999999796,72.0,Greed,3,587.29903,1,33507.77104505866,Low
2024-07-28,587.29903,16,2703.4175,43254.68,12.0,0.0,3.0,13.0,0.9999999999166667,0.2307692307514793,71.0,Greed,3,330.80445399999996,1,33231.23180719576,Low
2024-07-29,330.80445399999996,39,8389.72153846154,327199.14,16.0,0.0,28.0,11.0,0.9999999999375,2.5454545452231403,74.0,Greed,3,0.0,0,33312.426678831675,Low
2024-07-30,0.0,6,6001.078333333334,36006.47,0.0,0.0,6.0,0.0,0.0,6000000000.0,67.0,Greed,3,765.690884,1,2272.78922009383,Low
2024-07-31,765.690884,43,1965.2683720930231,84506.54,14.0,0.0,3.0,40.0,0.9999999999285715,0.07499999999812501,61.0,Greed,3,167.080017,1,2262.7433098650063,Low
2024-08-01,167.080017,57,3996.044385964912,227774.53,4.0,3.0,47.0,4.0,0.5714285713469388,11.749999997062499,52.0,Neutral,4,782.3681909999999,1,2321.915907057624,Low
2024-08-02,782.3681909999999,63,6290.799523809524,396320.37,17.0,0.0,58.0,3.0,0.9999999999411765,19.333333326888887,57.0,Greed,3,464.1897,1,2272.662027866145,Low
2024-08-03,464.1897,37,7852.239459459459,290532.86,1.0,0.0,34.0,1.0,0.9999999989999999,33.999999966,37.0,Fear,2,-122672.000883,0,295.95558459133275,Low
2024-08-04,-122672.000883,127,9509.795826771655,1207744.07,3.0,62.0,114.0,0.0,0.04615384615313609,114000000000.0,34.0,Fear,2,-13013.665169,0,46524.67921228357,Low
2024-08-05,-13013.665169,80,5256.1925,420495.4,33.0,5.0,45.0,3.0,0.8684210526087258,14.999999995,26.0,Fear,2,267.318048,1,45958.20494548925,Low
2024-08-06,267.318048,107,574.5642990654205,61478.38,13.0,13.0,5.0,0.0,0.4999999999807692,5000000000.0,17.0,Extreme Fear,0,188.789255,1,45976.80143203266,Low
2024-08-07,188.789255,33,75.53848484848484,2492.77,10.0,0.0,0.0,0.0,0.9999999999,0.0,29.0,Fear,2,-40.712216999999995,0,45935.89332627571,Low
2024-08-08,-40.712216999999995,9,1811.038888888889,16299.35,0.0,3.0,2.0,0.0,0.0,1999999999.9999998,20.0,Extreme Fear,0,18082.071276,1,45921.4198425828,Low
2024-08-09,18082.071276,144,3494.4781944444444,503204.86,43.0,15.0,36.0,81.0,0.7413793103320452,0.4444444444389575,48.0,Neutral,4,0.0,0,47607.25514557841,Low
2024-08-10,0.0,88,128.8555681818182,11339.29,0.0,0.0,0.0,0.0,0.0,0.0,40.0,Fear,2,847.7766200000001,1,47579.718378702695,Low
2024-08-11,847.7766200000001,24,1842.9254166666667,44230.21,4.0,0.0,4.0,4.0,0.99999999975,0.99999999975,39.0,Fear,2,858.6705000000001,1,9050.021024379183,Low
2024-08-12,858.6705000000001,48,1128.4858333333334,54167.32,6.0,0.0,10.0,14.0,0.9999999998333333,0.7142857142346939,25.0,Fear,2,212.08102,1,6710.838031626863,Low
2024-08-13,212.08102,23,904.2552173913043,20797.87,8.0,0.0,4.0,8.0,0.999999999875,0.4999999999375,31.0,Fear,2,2168.9015130000003,1,6714.4623064599655,Low
2024-08-14,2168.9015130000003,25,2668.4012,66710.03,5.0,0.0,9.0,0.0,0.9999999998,9000000000.0,30.0,Fear,2,0.0,0,6623.359618020575,Low
2024-08-15,0.0,12,126.86416666666668,1522.3700000000001,0.0,0.0,0.0,0.0,0.0,0.0,29.0,Fear,2,825.230544,1,6620.096399944413,Low
2024-08-16,825.230544,35,4753.795428571429,166382.84,3.0,0.0,10.0,0.0,0.9999999996666666,10000000000.0,27.0,Fear,2,-288.283113,0,757.012839483157,Low
2024-08-17,-288.283113,30,1008.2986666666667,30248.96,0.0,1.0,0.0,0.0,0.0,0.0,25.0,Fear,2,307.201888,1,807.7009010416876,Low
2024-08-18,307.201888,15,4186.965333333334,62804.48,12.0,0.0,12.0,2.0,0.9999999999166667,5.999999997,31.0,Fear,2,339.69958299999996,1,812.6521497930592,Low
2024-08-19,339.69958299999996,8,12539.37875,100315.03,5.0,0.0,8.0,0.0,0.9999999998,7999999999.999999,28.0,Fear,2,192.602844,1,807.0069870432046,Low
2024-08-20,192.602844,12,4159.566666666667,49914.8,1.0,0.0,4.0,8.0,0.9999999989999999,0.4999999999375,30.0,Fear,2,656.200925,1,808.2351075897515,Low
2024-08-21,656.200925,145,724.0717931034483,104990.41,54.0,0.0,2.0,143.0,0.9999999999814816,0.013986013985916182,26.0,Fear,2,1005.30527,1,376.68230773122633,Low
2024-08-23,1005.30527,10,6350.956,63509.56,3.0,0.0,3.0,7.0,0.9999999996666666,0.4285714285102041,34.0,Fear,2,0.0,0,434.6953172458945,Low
2024-08-24,0.0,7,4999.952857142857,34999.67,0.0,0.0,0.0,7.0,0.0,0.0,56.0,Greed,3,0.0,0,422.6421584927727,Low
2024-08-25,0.0,17,1291.1929411764704,21950.28,0.0,0.0,0.0,9.0,0.0,0.0,54.0,Neutral,4,231.236918,1,363.89648722133825,Low
2024-08-26,231.236918,6,15435.211666666668,92611.27,2.0,0.0,3.0,2.0,0.9999999995,1.49999999925,55.0,Greed,3,0.0,0,366.7605203200889,Low
2024-08-27,0.0,50,1405.0032,70250.16,0.0,0.0,7.0,0.0,0.0,7000000000.0,48.0,Neutral,4,1333.359645,1,389.5652397534363,Low
2024-08-28,1333.359645,9,7906.674444444444,71160.06999999999,2.0,0.0,7.0,2.0,0.9999999995,3.49999999825,30.0,Fear,2,0.0,0,545.5481856418559,Low
2024-08-29,0.0,1,9995.85,9995.85,0.0,0.0,0.0,1.0,0.0,0.0,29.0,Fear,2,256.464,1,562.5051228575492,Low
2024-08-30,256.464,6,6205.54,37233.24,1.0,0.0,3.0,1.0,0.9999999989999999,2.9999999969999998,34.0,Fear,2,10.882801,1,487.0558806090937,Low
2024-08-31,10.882801,34,3161.983235294118,107507.43000000001,12.0,1.0,4.0,13.0,0.9230769230059171,0.30769230766863903,29.0,Fear,2,137.433093,1,486.1035120958652,Low
2024-09-01,137.433093,12,1029.9733333333334,12359.68,5.0,0.0,4.0,7.0,0.9999999998,0.5714285713469388,26.0,Fear,2,0.0,0,476.45131847210445,Low
2024-09-02,0.0,2,15000.21,30000.42,0.0,0.0,2.0,0.0,0.0,1999999999.9999998,26.0,Fear,2,1065.785132,1,488.3711278888417,Low
2024-09-04,1065.785132,34,3867.0873529411765,131480.97,5.0,3.0,4.0,5.0,0.624999999921875,0.79999999984,27.0,Fear,2,0.0,0,559.0742388062748,Low
2024-09-05,0.0,1,0.84,0.84,0.0,0.0,0.0,0.0,0.0,0.0,29.0,Fear,2,-1104.856765,0,389.8163381160429,Low
2024-09-06,-1104.856765,42,929.6928571428571,39047.1,0.0,38.0,4.0,0.0,0.0,3999999999.9999995,22.0,Extreme Fear,0,0.0,0,635.3844527061076,Low
2024-09-08,0.0,1,0.11,0.11,0.0,0.0,0.0,0.0,0.0,0.0,29.0,Fear,2,0.0,0,629.0081885990764,Low
2024-09-09,0.0,2,2007.2150000000001,4014.4300000000003,0.0,0.0,0.0,0.0,0.0,0.0,26.0,Fear,2,-219.729659,0,629.0352579239687,Low
2024-09-10,-219.729659,3,849.0933333333334,2547.28,0.0,2.0,2.0,0.0,0.0,1999999999.9999998,33.0,Fear,2,0.0,0,631.8384868194312,Low
2024-09-11,0.0,1,0.54,0.54,0.0,0.0,0.0,0.0,0.0,0.0,37.0,Fear,2,0.0,0,631.8384868194312,Low
2024-09-14,0.0,11,92.25454545454546,1014.8000000000001,0.0,0.0,0.0,0.0,0.0,0.0,50.0,Neutral,4,-878.684794,0,411.9754374570533,Low
2024-09-18,-878.684794,145,94.02413793103449,13633.5,0.0,134.0,0.0,0.0,0.0,0.0,45.0,Neutral,4,0.0,0,473.9181130261351,Low
2024-09-19,0.0,19,80.09842105263158,1521.8700000000001,0.0,0.0,0.0,0.0,0.0,0.0,49.0,Neutral,4,9585.03428,1,328.63579208394026,Low
2024-09-20,9585.03428,16,20804.58625,332873.38,8.0,1.0,12.0,4.0,0.8888888887901234,2.99999999925,54.0,Neutral,4,36165.56933,1,3705.947715000011,Low
2024-09-21,36165.56933,23,7202.092173913044,165648.12,23.0,0.0,23.0,0.0,0.9999999999565218,23000000000.0,54.0,Neutral,4,0.0,0,13637.023825130966,Low
2024-09-22,0.0,3,6666.579999999999,19999.739999999998,0.0,0.0,3.0,0.0,0.0,3000000000.0,52.0,Neutral,4,334.760796,1,13619.545234282015,Low
2024-09-23,334.760796,2,20167.145,40334.29,1.0,0.0,2.0,0.0,0.9999999989999999,1999999999.9999998,50.0,Neutral,4,0.0,0,13593.848565527644,Low
2024-09-24,0.0,10,711.863,7118.63,0.0,0.0,0.0,1.0,0.0,0.0,54.0,Neutral,4,0.0,0,13593.848565527644,Low
2024-09-25,0.0,9,5861.570000000001,52754.130000000005,0.0,0.0,6.0,3.0,0.0,1.9999999993333333,59.0,Greed,3,439.812513,1,13518.657874778166,Low
2024-09-26,439.812513,8,14213.991250000001,113711.93000000001,2.0,0.0,2.0,6.0,0.9999999995,0.33333333327777775,50.0,Neutral,4,0.0,0,13483.937023360842,Low
2024-09-27,0.0,56,2251.732857142857,126097.04,0.0,0.0,0.0,56.0,0.0,0.0,61.0,Greed,3,0.0,0,13621.764094037448,Low
2024-09-28,0.0,4,7299.8025,29199.21,0.0,0.0,0.0,4.0,0.0,0.0,64.0,Greed,3,2710.626288,1,191.39432300624037,Low
2024-09-30,2710.626288,106,2025.1872641509435,214669.85,5.0,0.0,5.0,101.0,0.9999999998,0.04950495049455936,61.0,Greed,3,0.0,0,993.1233407955453,Low
2024-10-01,0.0,4,34988.58,139954.32,0.0,0.0,4.0,0.0,0.0,3999999999.9999995,50.0,Neutral,4,0.0,0,1010.2008852521166,Low
2024-10-02,0.0,4,24988.585,99954.34,0.0,0.0,4.0,0.0,0.0,3999999999.9999995,42.0,Fear,2,100.375782,1,1010.2008852521166,Low
2024-10-03,100.375782,9,14770.632222222222,132935.69,3.0,0.0,9.0,0.0,0.9999999996666666,9000000000.0,37.0,Fear,2,0.0,0,1003.4374380666782,Low
2024-10-04,0.0,1,0.34,0.34,0.0,0.0,0.0,0.0,0.0,0.0,41.0,Fear,2,5767.161892,1,1018.8842936100656,Low
2024-10-05,5767.161892,37,16367.722702702702,605605.74,24.0,0.0,31.0,5.0,0.9999999999583333,6.19999999876,49.0,Neutral,4,130.487079,1,2239.9999375876405,Low
2024-10-06,130.487079,22,13642.298181818182,300130.56,5.0,0.0,11.0,11.0,0.9999999998,0.9999999999090909,50.0,Neutral,4,0.0,0,2228.616218141382,Low
2024-10-07,0.0,21,10475.459523809524,219984.65,0.0,0.0,0.0,21.0,0.0,0.0,50.0,Neutral,4,5396.546638,1,2165.940400127402,Low
2024-10-08,5396.546638,36,12071.781388888889,434584.13,33.0,0.0,1.0,33.0,0.9999999999696971,0.03030303030211203,49.0,Neutral,4,396.06272,1,2703.7608788312928,Low
2024-10-09,396.06272,14,15742.852142857142,220399.93,3.0,0.0,14.0,0.0,0.9999999996666666,14000000000.0,49.0,Neutral,4,0.0,0,2667.9260072558736,Low
2024-10-10,0.0,16,18751.521249999998,300024.33999999997,0.0,0.0,16.0,0.0,0.0,15999999999.999998,39.0,Fear,2,8885.327477,1,2678.108836231773,Low
2024-10-11,8885.327477,26,18804.007307692307,488904.19,18.0,0.0,18.0,7.0,0.9999999999444444,2.5714285710612246,32.0,Fear,2,541.55471,1,3674.8369921053204,Low
2024-10-12,541.55471,10,15971.34,159713.4,7.0,0.0,2.0,8.0,0.9999999998571428,0.24999999996875,49.0,Neutral,4,0.0,0,3532.672988348276,Low
2024-10-13,0.0,10,6000.242,60002.42,0.0,0.0,10.0,0.0,0.0,10000000000.0,50.0,Neutral,4,1913.61958,1,3545.6896277091596,Low
2024-10-14,1913.61958,5,12383.204000000002,61916.020000000004,5.0,0.0,5.0,0.0,0.9999999998,5000000000.0,48.0,Neutral,4,1170.2260760000001,1,3421.7213457671696,Low
2024-10-15,1170.2260760000001,7,11596.194285714286,81173.36,4.0,0.0,7.0,0.0,0.99999999975,7000000000.0,65.0,Greed,3,219.480876,1,3178.90622479481,Low
2024-10-16,219.480876,11,7293.560909090909,80229.17,3.0,0.0,11.0,0.0,0.9999999996666666,11000000000.0,73.0,Greed,3,36.11496,1,3192.9791017569564,Low
2024-10-17,36.11496,9,15614.638888888889,140531.75,1.0,1.0,9.0,0.0,0.49999999975,9000000000.0,71.0,Greed,3,333.219141,1,3189.578180214572,Low
2024-10-18,333.219141,6,20055.238333333335,120331.43000000001,5.0,0.0,6.0,0.0,0.9999999998,6000000000.0,73.0,Greed,3,0.0,0,700.96057086379,Low
2024-10-19,0.0,4,24999.215,99996.86,0.0,0.0,4.0,0.0,0.0,3999999999.9999995,72.0,Greed,3,389.155797,1,737.6720884706815,Low
2024-10-20,389.155797,96,1837.9985416666668,176447.86000000002,11.0,0.0,6.0,90.0,0.9999999999090909,0.06666666666592592,73.0,Greed,3,2464.915564,1,705.5039347044657,Low
2024-10-21,2464.915564,173,1873.5143930635838,324117.99,68.0,0.0,11.0,162.0,0.9999999999852941,0.0679012345674821,72.0,Greed,3,0.0,0,886.6675456147698,Low
2024-10-22,0.0,3,20000.12,60000.36,0.0,0.0,3.0,0.0,0.0,3000000000.0,70.0,Greed,3,-46.489941,0,884.5346968337298,Low
2024-10-23,-46.489941,18,11667.003888888888,210006.07,0.0,3.0,18.0,0.0,0.0,18000000000.0,71.0,Greed,3,13235.862071,1,903.6891161408818,Low
2024-10-25,13235.862071,30,14262.772666666666,427883.18,21.0,0.0,25.0,5.0,0.999999999952381,4.999999999,72.0,Greed,3,42471.99413,1,4885.60656991816,Low
2024-10-26,42471.99413,6,14778.143333333333,88668.86,6.0,0.0,0.0,6.0,0.9999999998333333,0.0,,,5,666.6623079999999,1,15791.01444087303,Low
2024-10-27,666.6623079999999,4,22666.1025,90664.41,3.0,0.0,3.0,1.0,0.9999999996666666,2.9999999969999998,74.0,Greed,3,167.28016200000002,1,15734.10332716765,Low
2024-10-28,167.28016200000002,13,9345.788461538461,121495.25,4.0,0.0,1.0,9.0,0.99999999975,0.11111111109876542,72.0,Greed,3,801.170876,1,15753.271014492948,Low
2024-10-29,801.170876,53,11571.09075471698,613267.8099999999,3.0,0.0,0.0,53.0,0.9999999996666666,0.0,72.0,Greed,3,9.150023,1,15870.260400357853,Low
2024-10-30,9.150023,25,473.23400000000004,11830.85,7.0,1.0,0.0,25.0,0.874999999890625,0.0,77.0,Extreme Greed,1,1214.043811,1,15869.474225006483,Low
2024-10-31,1214.043811,48,18670.278333333332,896173.36,34.0,3.0,11.0,37.0,0.9189189188940834,0.29729729728926224,77.0,Extreme Greed,1,1040.475736,1,15767.304018813535,Low
2024-11-01,1040.475736,23,11347.001304347827,260981.03,6.0,4.0,23.0,0.0,0.59999999994,23000000000.0,75.0,Extreme Greed,1,0.0,0,15813.299960712657,Low
2024-11-02,0.0,2,20000.0,40000.0,0.0,0.0,2.0,0.0,0.0,1999999999.9999998,72.0,Greed,3,0.0,0,499.89511200816435,Low
2024-11-03,0.0,6,21509.27666666667,129055.66,0.0,0.0,6.0,0.0,0.0,6000000000.0,74.0,Greed,3,2799.410474,1,537.5967097379597,Low
2024-11-04,2799.410474,36,12550.332499999999,451811.97,23.0,0.0,36.0,0.0,0.9999999999565218,36000000000.0,70.0,Greed,3,678.4759280000001,1,1010.1462477193045,Low
2024-11-05,678.4759280000001,10,20062.723,200627.23,5.0,0.0,10.0,0.0,0.9999999998,10000000000.0,70.0,Greed,3,2817.83723,1,1011.9496283601267,Low
2024-11-06,2817.83723,15,8260.46,123906.9,7.0,2.0,15.0,0.0,0.777777777691358,15000000000.0,70.0,Greed,3,4493.353136,1,1179.683504738109,Low
2024-11-07,4493.353136,113,985.2681415929204,111335.3,60.0,0.0,18.0,0.0,0.9999999999833334,18000000000.0,77.0,Extreme Greed,1,-64.41354100000007,0,1708.7451492968337,Low
2024-11-08,-64.41354100000007,39,6941.036923076923,270700.44,6.0,10.0,39.0,0.0,0.3749999999765625,39000000000.0,75.0,Extreme Greed,1,102.90894,1,1825.7604151098744,Low
2024-11-09,102.90894,86,2248.655930232558,193384.41,19.0,25.0,9.0,77.0,0.4318181818083678,0.11688311688159891,75.0,Extreme Greed,1,991.114334,1,1811.7280620377203,Low
2024-11-10,991.114334,173,2390.963583815029,413636.7,51.0,0.0,9.0,164.0,0.9999999999803922,0.054878048780153184,78.0,Extreme Greed,1,6749.630996,1,1706.361917708491,Low
2024-11-11,6749.630996,373,4210.649919571046,1570572.42,92.0,4.0,24.0,349.0,0.9583333333233507,0.06876790830925855,76.0,Extreme Greed,1,3494.399394,1,2569.78246590523,Low
2024-11-12,3494.399394,171,7171.663859649123,1226354.52,34.0,8.0,80.0,91.0,0.8095238095045352,0.8791208791112184,80.0,Extreme Greed,1,7846.402274,1,2501.7842580543843,Low
2024-11-13,7846.402274,48,10736.174375,515336.37,27.0,5.0,44.0,4.0,0.8437499999736329,10.99999999725,84.0,Extreme Greed,1,4563.509225,1,3185.006008603195,Low
2024-11-14,4563.509225,110,9166.925545454545,1008361.81,28.0,0.0,110.0,0.0,0.9999999999642857,110000000000.0,88.0,Extreme Greed,1,4140.740438,1,3189.225338849076,Low
2024-11-15,4140.740438,149,9582.942416107382,1427858.42,55.0,0.0,116.0,33.0,0.9999999999818182,3.515151515044996,80.0,Extreme Greed,1,2769.521909,1,2804.377701232973,Low
2024-11-16,2769.521909,157,1931.822101910828,303296.07,48.0,10.0,65.0,76.0,0.827586206882283,0.8552631578834834,86.0,Extreme Greed,1,882.975285,1,2330.340650020583,Low
2024-11-17,882.975285,209,5818.122344497608,1215987.57,49.0,13.0,64.0,145.0,0.7903225806324142,0.4413793103417836,90.0,Extreme Greed,1,4470.815187,1,2356.645078748802,Low
2024-11-18,4470.815187,346,6024.102832369942,2084339.58,124.0,32.0,158.0,175.0,0.7948717948666996,0.9028571428519837,83.0,Extreme Greed,1,2958.268991,1,2114.8415942792094,Low
2024-11-19,2958.268991,305,2059.118524590164,628031.15,150.0,17.0,154.0,148.0,0.8982035928089929,1.04054054053351,90.0,Extreme Greed,1,4210.0928969999995,1,2146.6884982084857,Low
2024-11-20,4210.0928969999995,550,3635.480218181818,1999514.1199999999,219.0,80.0,433.0,115.0,0.7324414715694567,3.7652173912716065,83.0,Extreme Greed,1,1692.430891,1,1330.9084843367941,Low
2024-11-21,1692.430891,535,1118.3189158878504,598300.62,165.0,90.0,384.0,142.0,0.6470588235268743,2.7042253520936326,82.0,Extreme Greed,1,-18105.345617,0,1364.6169483864796,Low
2024-11-22,-18105.345617,679,2425.2041531664213,1646713.62,209.0,143.0,426.0,252.0,0.5937499999983132,1.6904761904694823,94.0,Extreme Greed,1,2901.531638,1,8014.596975570268,Low
2024-11-23,2901.531638,363,1422.1644077134986,516245.68,128.0,21.0,122.0,234.0,0.8590604026787984,0.5213675213652933,93.0,Extreme Greed,1,945.550386,1,8022.790689827421,Low
2024-11-24,945.550386,172,3866.001627906977,664952.28,46.0,15.0,69.0,100.0,0.7540983606433754,0.6899999999931,80.0,Extreme Greed,1,5523.740734,1,8024.156960686485,Low
2024-11-25,5523.740734,255,3676.1210588235294,937410.87,105.0,44.0,129.0,112.0,0.7046979865724518,1.1517857142754304,82.0,Extreme Greed,1,1094.809359,1,8133.946205092381,Low
2024-11-26,1094.809359,302,3797.6901986754965,1146902.44,88.0,40.0,218.0,77.0,0.687499999994629,2.8311688311320626,79.0,Extreme Greed,1,-2654.495633,0,8051.758573355639,Low
2024-11-27,-2654.495633,213,6780.481361502348,1444242.53,74.0,56.0,140.0,69.0,0.5692307692263906,2.028985507216971,75.0,Extreme Greed,1,-127075.39958499999,0,7833.341089781535,Low
2024-11-28,-127075.39958499999,332,5705.497439759036,1894225.15,109.0,119.0,156.0,171.0,0.4780701754364997,0.9122807017490511,77.0,Extreme Greed,1,176844.994152,1,48007.39103849543,Low
2024-11-29,176844.994152,393,2021.0252162849874,794262.91,192.0,17.0,64.0,90.0,0.9186602870769442,0.7111111111032099,78.0,Extreme Greed,1,37316.69352,1,88503.04147174892,Medium
2024-11-30,37316.69352,373,4643.950938337802,1732193.7,157.0,16.0,39.0,166.0,0.9075144508618064,0.2349397590347293,84.0,Extreme Greed,1,40886.364494,1,89111.78427592895,Medium
2024-12-01,40886.364494,416,1958.441875,814711.82,221.0,11.0,53.0,193.0,0.9525862068924458,0.27461139896230774,81.0,Extreme Greed,1,18489.604313,1,89478.6192699275,Medium
2024-12-02,18489.604313,270,2167.568740740741,585243.56,110.0,2.0,84.0,88.0,0.982142857134088,0.9545454545346074,80.0,Extreme Greed,1,23576.539285,1,89290.82964368704,Medium
2024-12-03,23576.539285,374,2900.177887700535,1084666.53,161.0,16.0,162.0,77.0,0.9096045197688724,2.1038961038687805,76.0,Extreme Greed,1,292891.815021,1,88871.44647481875,Medium
2024-12-04,292891.815021,319,2411.5600313479626,769287.65,148.0,18.0,55.0,140.0,0.8915662650548701,0.39285714285433676,78.0,Extreme Greed,1,71574.11848800001,1,133263.46657012036,Medium
2024-12-05,71574.11848800001,456,2756.0324342105264,1256750.79,193.0,12.0,49.0,315.0,0.9414634146295539,0.15555555555506173,84.0,Extreme Greed,1,-92624.643895,0,102970.60700310006,Medium
2024-12-06,-92624.643895,403,8612.950918114144,3471019.22,94.0,43.0,56.0,243.0,0.6861313868563057,0.230452674896171,72.0,Greed,3,85906.279067,1,116537.09475817803,Medium
2024-12-07,85906.279067,304,1485.965197368421,451733.42,131.0,11.0,0.0,229.0,0.9225352112611089,0.0,75.0,Extreme Greed,1,15965.933436,1,116684.67061081498,Medium
2024-12-08,15965.933436,420,2221.2850476190474,932939.72,152.0,4.0,4.0,288.0,0.9743589743527286,0.013888888888840665,79.0,Extreme Greed,1,6310.967676,1,117844.67949813347,Medium
2024-12-09,6310.967676,539,1825.5096103896105,983949.68,172.0,6.0,40.0,211.0,0.9662921348260322,0.18957345971474138,78.0,Extreme Greed,1,39325.770231,1,118636.51525647093,Medium
2024-12-10,39325.770231,1596,1973.94992481203,3150424.08,937.0,186.0,172.0,346.0,0.8343722172744129,0.49710982658815867,78.0,Extreme Greed,1,319051.554217,1,118030.25714884815,Medium
2024-12-11,319051.554217,1221,1796.9683292383293,2194098.33,870.0,12.0,127.0,362.0,0.9863945578220109,0.35082872928079883,74.0,Greed,3,599151.795008,1,126730.06390860009,Medium
2024-12-12,599151.795008,1932,2358.7939285714288,4557189.87,1352.0,65.0,102.0,333.0,0.9541284403662992,0.30630630630538647,83.0,Extreme Greed,1,31935.901745,1,239202.09980397657,High
2024-12-13,31935.901745,1173,2455.9459846547315,2880824.64,471.0,18.0,407.0,230.0,0.9631901840471101,1.7695652173836107,76.0,Extreme Greed,1,167801.399244,1,223196.10867876883,High
2024-12-14,167801.399244,1235,1918.6735060728743,2369561.78,585.0,17.0,719.0,161.0,0.9717607973405785,4.465838509289032,83.0,Extreme Greed,1,97525.315279,1,220995.8087962443,High
2024-12-15,97525.315279,1697,1522.256812021214,2583269.81,417.0,52.0,794.0,163.0,0.889125799571665,4.871165644141895,80.0,Extreme Greed,1,166774.344133,1,213640.805958589,High
2024-12-16,166774.344133,1055,2597.9231943127966,2740808.97,535.0,11.0,336.0,218.0,0.9798534798516852,1.5412844036626547,83.0,Extreme Greed,1,219591.305172,1,200055.1965931839,High
2024-12-17,219591.305172,1941,2696.3408706852138,5233597.63,847.0,26.0,659.0,452.0,0.9702176403196218,1.4579646017666859,87.0,Extreme Greed,1,13682.994673,1,186613.2876705685,High
2024-12-18,13682.994673,1429,2658.423421973408,3798887.07,523.0,220.0,344.0,388.0,0.7039030955575991,0.8865979381420449,81.0,Extreme Greed,1,62744.004486000005,1,197389.58232700083,High
2024-12-19,62744.004486000005,3339,2468.316678646301,8241709.39,2053.0,143.0,837.0,175.0,0.934881602913964,4.782857142829813,75.0,Extreme Greed,1,254969.660039,1,77803.35216286204,Low
2024-12-20,254969.660039,2488,3087.3290635048234,7681274.71,1383.0,96.0,554.0,450.0,0.9350912778898343,1.2311111111083752,74.0,Greed,3,150022.163157,1,86380.73884460363,Medium
2024-12-21,150022.163157,1681,2607.302272456871,4382875.12,924.0,10.0,403.0,283.0,0.9892933618833091,1.424028268546205,73.0,Greed,3,352197.163973,1,85700.88725504624,Medium
2024-12-22,352197.163973,774,3988.7858139534887,3087320.22,337.0,16.0,299.0,313.0,0.9546742209604684,0.9552715654921557,73.0,Greed,3,-29430.626577,0,114815.0009918263,Medium
2024-12-23,-29430.626577,2347,2885.333728163613,6771878.26,681.0,723.0,90.0,617.0,0.4850427350423896,0.1458670988652417,70.0,Greed,3,14813.780116,1,138466.79489309547,Medium
2024-12-24,14813.780116,338,5227.917485207101,1767036.11,114.0,57.0,51.0,170.0,0.6666666666627681,0.2999999999982353,73.0,Greed,3,756.6570469999998,1,141977.61846182542,Medium
2024-12-25,756.6570469999998,208,1672.5449519230767,347889.35,63.0,19.0,14.0,117.0,0.7682926829174598,0.11965811965709694,73.0,Greed,3,60228.639722,1,143619.928311858,Medium
2024-12-26,60228.639722,697,3163.9062410329984,2205242.65,358.0,13.0,24.0,245.0,0.9649595687305527,0.09795918367306956,79.0,Extreme Greed,1,2672.811035,1,143775.97320166058,Medium
2024-12-27,2672.811035,260,1338.126923076923,347913.0,110.0,6.0,54.0,168.0,0.9482758620607907,0.3214285714266582,74.0,Greed,3,940.673623,1,134075.66390036012,Medium
2024-12-28,940.673623,161,1748.7888819875777,281555.01,37.0,9.0,13.0,108.0,0.8043478260694708,0.12037037036925582,72.0,Greed,3,2884.067927,1,132701.21918678336,Medium
2024-12-29,2884.067927,201,1714.5698507462685,344628.54,64.0,0.0,8.0,162.0,0.9999999999843749,0.04938271604907789,73.0,Greed,3,9009.738137,1,26866.20829195971,Low
2024-12-30,9009.738137,304,3532.453059210526,1073865.73,120.0,2.0,90.0,139.0,0.9836065573689868,0.6474820143838311,65.0,Greed,3,5445.01281,1,21424.49027888859,Low
2024-12-31,5445.01281,306,2866.551045751634,877164.62,92.0,8.0,154.0,107.0,0.9199999999908,1.439252336435147,64.0,Greed,3,-9528.065345,0,21587.50295478365,Low
2025-01-01,-9528.065345,96,2943.5635416666664,282582.1,29.0,1.0,7.0,42.0,0.9666666666344444,0.16666666666269842,66.0,Greed,3,8716.519087,1,22774.23766238864,Low
2025-01-02,8716.519087,361,2145.9136842105263,774674.84,165.0,3.0,79.0,236.0,0.9821428571370111,0.334745762710446,70.0,Greed,3,6028.486793,1,6271.388718042381,Low
2025-01-03,6028.486793,508,1518.1279330708662,771208.99,138.0,25.0,95.0,350.0,0.8466257668659717,0.2714285714277959,74.0,Greed,3,2553.537968,1,6380.461560875433,Low
2025-01-04,2553.537968,371,4921.912722371967,1826029.6199999999,75.0,10.0,41.0,296.0,0.88235294116609,0.13851351351304556,73.0,Greed,3,3187.719363,1,6307.379548206639,Low
2025-01-05,3187.719363,239,1890.977280334728,451943.57,100.0,4.0,28.0,167.0,0.961538461529216,0.16766467065767868,72.0,Greed,3,6064.185393,1,6302.78158555338,Low
2025-01-06,6064.185393,573,971.2512914485166,556526.99,89.0,32.0,37.0,436.0,0.7355371900765658,0.08486238532090629,76.0,Extreme Greed,1,16098.227531,1,5973.511298048581,Low
2025-01-07,16098.227531,637,2061.504081632653,1313178.1,485.0,15.0,69.0,547.0,0.96999999999806,0.12614259597783156,78.0,Extreme Greed,1,130117.090554,1,7735.234084804848,Low
2025-01-08,130117.090554,1039,3058.0126852743024,3177275.18,386.0,36.0,531.0,408.0,0.9146919431257946,1.3014705882321043,70.0,Greed,3,46975.928902,1,46710.78667134859,Low
2025-01-09,46975.928902,522,1955.427681992337,1020733.25,145.0,24.0,217.0,268.0,0.8579881656753966,0.8097014925342922,69.0,Greed,3,-10116.875552,0,46769.80232523304,Low
2025-01-10,-10116.875552,819,7994.444053724053,6547449.68,432.0,56.0,582.0,223.0,0.8852459016375303,2.609865470840315,50.0,Neutral,4,2269.080536,1,48522.68688289374,Low
2025-01-11,2269.080536,283,5859.006042402827,1658098.71,69.0,19.0,164.0,74.0,0.784090909081999,2.2162162161862673,69.0,Greed,3,5742.241803,1,48547.50601148972,Low
2025-01-12,5742.241803,602,3751.59330564784,2258459.17,472.0,3.0,508.0,75.0,0.9936842105242238,6.773333333243022,62.0,Greed,3,9655.429352,1,48340.827362728305,Low
2025-01-13,9655.429352,408,7197.666691176471,2936648.0100000002,158.0,8.0,266.0,65.0,0.951807228909929,4.0923076922447335,61.0,Greed,3,16069.512355,1,48085.57399917375,Low
2025-01-14,16069.512355,275,3187.5708,876581.97,137.0,4.0,82.0,110.0,0.9716312056668679,0.7454545454477686,63.0,Greed,3,14819.5883,1,48086.82717837323,Low
2025-01-15,14819.5883,267,6747.565131086143,1801599.8900000001,123.0,16.0,102.0,136.0,0.8848920863245692,0.7499999999944853,70.0,Greed,3,20807.709328,1,17682.59098898113,Low
2025-01-16,20807.709328,371,8220.196657681941,3049692.96,127.0,14.0,119.0,219.0,0.9007092198517681,0.5433789954313089,75.0,Extreme Greed,1,7006.415608,1,10352.59963790817,Low
2025-01-17,7006.415608,238,4664.8338655462185,1110230.46,126.0,1.0,91.0,112.0,0.9921259842441564,0.8124999999927455,75.0,Extreme Greed,1,443.2330819999997,1,6558.114959610258,Low
2025-01-18,443.2330819999997,651,4165.330076804916,2711629.88,248.0,32.0,199.0,379.0,0.8857142857111224,0.5250659630593006,77.0,Extreme Greed,1,87923.799302,1,6981.69862403507,Low
2025-01-19,87923.799302,1567,6199.8821314613915,9715215.3,317.0,117.0,696.0,665.0,0.7304147465420958,1.0466165413518096,77.0,Extreme Greed,1,87277.239173,1,29650.53885382861,Low
2025-01-20,87277.239173,1315,6302.149817490495,8287327.01,687.0,121.0,672.0,442.0,0.850247524751423,1.5203619909467865,76.0,Extreme Greed,1,11077.839421,1,37555.451973098774,Low
2025-01-21,11077.839421,530,2874.961924528302,1523729.82,205.0,9.0,108.0,320.0,0.9579439252291685,0.3374999999989453,76.0,Extreme Greed,1,20524.408057,1,37986.01975695261,Low
2025-01-22,20524.408057,832,2137.5077283653845,1778406.43,234.0,62.0,350.0,425.0,0.7905405405378698,0.8235294117627682,84.0,Extreme Greed,1,101256.24216,1,37596.03225353082,Low
2025-01-23,101256.24216,1218,3035.3273070607556,3697028.66,805.0,42.0,592.0,586.0,0.9504132231393738,1.0102389078481053,75.0,Extreme Greed,1,10602.779738,1,44671.263611205184,Low
2025-01-24,10602.779738,874,1843.7453661327231,1611433.45,488.0,11.0,260.0,163.0,0.9779559118216875,1.5950920245300915,75.0,Extreme Greed,1,-10348.016255999999,0,44178.45662019494,Low
2025-01-25,-10348.016255999999,506,2449.363043478261,1239377.7,141.0,29.0,188.0,173.0,0.8294117647010035,1.0867052023058572,75.0,Extreme Greed,1,40823.466668,1,46160.11264606335,Low
2025-01-26,40823.466668,451,2663.3562305986693,1201173.66,196.0,10.0,118.0,282.0,0.951456310674993,0.4184397163105729,73.0,Greed,3,41331.765392,1,41937.722720776,Low
2025-01-27,41331.765392,773,1950.8775032341528,1508028.31,368.0,32.0,341.0,205.0,0.9199999999977,1.6634146341382274,71.0,Greed,3,17979.613973,1,35988.638672798406,Low
2025-01-28,17979.613973,498,1163.4782530120483,579412.17,313.0,15.0,190.0,143.0,0.9542682926800176,1.3286713286620373,72.0,Greed,3,23421.01147,1,35450.29421493333,Low
2025-01-29,23421.01147,910,2085.1795714285713,1897513.41,379.0,14.0,80.0,663.0,0.9643765903283349,0.12066365007523279,72.0,Greed,3,23097.471385,1,35314.222045877155,Low
2025-01-30,23097.471385,1067,2825.114498594189,3014397.17,370.0,53.0,212.0,709.0,0.8747044917237005,0.29901269393469815,70.0,Greed,3,35868.296773,1,17872.385752143473,Low
2025-01-31,35868.296773,1016,2739.578228346457,2783411.48,550.0,36.0,352.0,525.0,0.9385665528994223,0.6704761904749134,76.0,Extreme Greed,1,32300.205017,1,17976.6896011625,Low
2025-02-01,32300.205017,634,2151.019621451104,1363746.44,378.0,20.0,115.0,264.0,0.9497487437162067,0.4356060606044106,68.0,Greed,3,162854.759623,1,9286.014784576395,Low
2025-02-02,162854.759623,1319,4291.957763457164,5661092.29,473.0,56.0,564.0,204.0,0.8941398865767597,2.764705882339389,60.0,Greed,3,348871.326269,1,51243.08922195181,Low
2025-02-03,348871.326269,2380,9492.815701680673,22592901.37,1103.0,235.0,1142.0,860.0,0.8243647234672463,1.327906976742642,44.0,Fear,2,416876.88812,1,124262.98757393351,Medium
2025-02-04,416876.88812,2512,6241.404964171974,15678409.27,695.0,102.0,925.0,1488.0,0.8720200752812145,0.6216397849458188,72.0,Greed,3,56706.235562,1,168294.2215797084,High
2025-02-05,56706.235562,1297,6741.1191287586735,8743231.51,417.0,90.0,474.0,487.0,0.8224852070989694,0.9733059548234635,54.0,Neutral,4,33803.799733,1,164582.65241975128,High
2025-02-06,33803.799733,1703,1655.0257604227834,2818508.87,785.0,44.0,986.0,527.0,0.9469240048239482,1.8709677419319337,49.0,Neutral,4,22450.002091,1,163209.64779763581,High
2025-02-07,22450.002091,1524,2270.5141338582675,3460263.54,430.0,107.0,1165.0,163.0,0.8007448789556784,7.147239263759833,44.0,Fear,2,586.703253,1,164916.39264193596,High
2025-02-08,586.703253,575,1460.4086434782607,839734.97,110.0,12.0,366.0,20.0,0.9016393442549046,18.299999999085,44.0,Fear,2,150551.829492,1,169178.47453018944,High
2025-02-09,150551.829492,764,3823.19332460733,2920919.7,329.0,5.0,160.0,526.0,0.9850299401168113,0.30418250950512515,46.0,Neutral,4,63908.49465,1,169072.95233298396,High
2025-02-10,63908.49465,889,4077.5685489313837,3624958.44,425.0,37.0,445.0,299.0,0.9199134199114288,1.4882943143762934,43.0,Fear,2,-6093.784817,0,144991.1167157173,Medium
2025-02-11,-6093.784817,848,3298.990766509434,2797544.17,185.0,141.0,270.0,186.0,0.5674846625749463,1.451612903218002,47.0,Neutral,4,19848.635032,1,52987.26462837141,Low
2025-02-12,19848.635032,1031,4019.3739476236665,4143974.54,477.0,80.0,593.0,329.0,0.8563734290828432,1.8024316109367708,46.0,Neutral,4,27829.534238,1,53572.67571658001,Low
2025-02-13,27829.534238,1370,2335.6585474452554,3199852.21,641.0,16.0,767.0,492.0,0.9756468797549838,1.5589430894277259,50.0,Neutral,4,213860.675308,1,53748.56232234893,Low
2025-02-14,213860.675308,1655,2421.210525679758,4007103.42,710.0,92.0,508.0,582.0,0.8852867830412902,0.8728522336754763,48.0,Neutral,4,45042.92701,1,83734.90858303016,Medium
2025-02-15,45042.92701,932,1837.8250536480687,1712852.95,401.0,16.0,621.0,239.0,0.9616306954413391,2.5983263598217645,50.0,Neutral,4,2369.478425,1,79413.79797674881,Low
2025-02-16,2369.478425,681,1183.8144493392072,806177.64,300.0,49.0,310.0,247.0,0.8595988538657319,1.255060728739858,54.0,Neutral,4,1818.573295,1,75104.3680241006,Low
2025-02-17,1818.573295,941,2158.3896280552603,2031044.64,211.0,31.0,270.0,178.0,0.8719008264426781,1.5168539325757482,51.0,Neutral,4,91204.672403,1,77156.43317291157,Low
2025-02-18,91204.672403,1676,2011.413293556086,3371128.68,858.0,72.0,548.0,493.0,0.9225806451602984,1.111561866123506,47.0,Neutral,4,14985.794701,1,75473.57424168341,Low
2025-02-19,14985.794701,1361,2398.185334313005,3263930.24,582.0,58.0,586.0,364.0,0.9093749999985791,1.6098901098856873,44.0,Fear,2,46008.794102,1,75898.27240097408,Low
2025-02-20,46008.794102,2012,2300.5016351888667,4628609.29,964.0,28.0,1374.0,526.0,0.9717741935474075,2.612167300375262,49.0,Neutral,4,119693.49395,1,75050.84170575268,Low
2025-02-21,119693.49395,1873,2120.747399893219,3972159.88,978.0,34.0,1239.0,599.0,0.966403162054381,2.06844741235047,55.0,Greed,3,25278.704178,1,45263.122665941955,Low
2025-02-22,25278.704178,686,4629.111078717201,3175570.2,341.0,11.0,362.0,304.0,0.9687499999972479,1.1907894736802935,49.0,Neutral,4,10656.934251,1,45935.11011329011,Low
2025-02-23,10656.934251,520,2194.8283461538463,1141310.74,234.0,9.0,217.0,228.0,0.9629629629590002,0.9517543859607379,50.0,Neutral,4,38470.176242,1,44804.720167243795,Low
2025-02-24,38470.176242,5616,1998.5077617521367,11223619.59,2228.0,299.0,4852.0,284.0,0.8816778789074469,17.084507042193366,49.0,Neutral,4,204762.177034,1,41001.892889439805,Low
2025-02-25,204762.177034,6246,3108.3868651937237,19414984.36,1628.0,513.0,4191.0,1153.0,0.7603923400276691,3.6348655680801087,25.0,Fear,2,63229.063129,1,71435.68663306512,Low
2025-02-26,63229.063129,1176,4206.597049319727,4946958.13,789.0,61.0,583.0,500.0,0.928235294116555,1.165999999997668,21.0,Extreme Fear,0,-36525.167517,0,67971.36254180605,Low
2025-02-27,-36525.167517,890,2247.0768876404495,1999898.43,247.0,173.0,85.0,757.0,0.5880952380938379,0.11228533685586224,10.0,Extreme Fear,0,225628.108748,1,79526.04498249006,Low
2025-02-28,225628.108748,1019,4046.7721000981355,4123660.77,396.0,13.0,400.0,432.0,0.9682151589218382,0.9259259259237826,16.0,Extreme Fear,0,10596.108968,1,100036.74105308365,Medium
2025-03-01,10596.108968,174,1516.230632183908,263824.13,78.0,6.0,57.0,96.0,0.9285714285603741,0.5937499999938151,20.0,Extreme Fear,0,66914.320708,1,101420.101559575,Medium
2025-03-02,66914.320708,532,12144.452518796992,6460848.74,267.0,14.0,341.0,100.0,0.9501779359396791,3.4099999999659,26.0,Fear,2,616413.032233,1,97741.97817114904,Medium
2025-03-03,616413.032233,1482,5563.151403508772,8244590.38,912.0,33.0,466.0,900.0,0.9650793650783438,0.5177777777772025,33.0,Fear,2,182075.566585,1,221155.8037334783,High
2025-03-04,182075.566585,2402,4631.24360949209,11124247.15,609.0,209.0,1834.0,242.0,0.7444987775052023,7.578512396662899,15.0,Extreme Fear,0,269328.365917,1,220631.87370478138,High
2025-03-05,269328.365917,1660,5538.345915662651,9193654.22,1259.0,20.0,1335.0,201.0,0.9843627834237808,6.641791044743076,20.0,Extreme Fear,0,16101.125561,1,219127.02198189567,High
2025-03-06,16101.125561,760,8901.743368421052,6765324.96,365.0,17.0,401.0,281.0,0.9554973821964516,1.4270462633401173,25.0,Fear,2,150236.061627,1,210778.2468282895,High
2025-03-07,150236.061627,2552,7779.888510971787,19854275.48,1333.0,98.0,2167.0,248.0,0.9315164220818088,8.737903225771218,34.0,Fear,2,24700.773359,1,211066.2073998779,High
2025-03-08,24700.773359,529,1686.3582419659735,892083.51,301.0,2.0,264.0,74.0,0.9933993399307149,3.567567567519357,28.0,Fear,2,19773.457395,1,209155.92724217058,High
2025-03-09,19773.457395,1422,7327.495070323488,10419697.99,627.0,0.0,891.0,296.0,0.9999999999984052,3.010135135124966,27.0,Fear,2,-10010.027269999999,0,214448.81038422635,High
2025-03-10,-10010.027269999999,2911,5775.263029886637,16811790.68,1157.0,177.0,2647.0,17.0,0.8673163418284353,155.705882343782,20.0,Extreme Fear,0,-76880.729036,0,107124.01061879794,Medium
2025-03-11,-76880.729036,3286,4265.657970176507,14016952.09,616.0,581.0,2411.0,610.0,0.5146198830405058,3.952459016386963,24.0,Extreme Fear,0,288105.984215,1,115677.5260202025,Medium
2025-03-12,288105.984215,3968,4692.071358366935,18618139.15,2240.0,93.0,3132.0,414.0,0.9601371624513673,7.565217391286074,34.0,Fear,2,14114.870873,1,121514.65207062145,Medium
2025-03-13,14114.870873,962,3415.375488565489,3285591.22,440.0,50.0,832.0,95.0,0.8979591836716369,8.757894736749916,45.0,Neutral,4,68646.160089,1,121633.40372803179,Medium
2025-03-14,68646.160089,2210,3641.261158371041,8047187.16,1887.0,35.0,2014.0,192.0,0.9817898022887712,10.4895833332787,27.0,Fear,2,78694.624572,1,115121.06585245293,Medium
2025-03-15,78694.624572,261,9025.86030651341,2355749.54,155.0,34.0,79.0,184.0,0.8201058201014809,0.42934782608462313,46.0,Neutral,4,-7910.943544999999,0,115192.92018444733,Medium
2025-03-16,-7910.943544999999,530,19222.49341509434,10187921.51,123.0,97.0,287.0,216.0,0.5590909090883678,1.3287037036975524,30.0,Fear,2,26163.906513,1,117049.58095789404,Medium
2025-03-17,26163.906513,920,3905.320706521739,3592895.05,417.0,66.0,398.0,426.0,0.8633540372652933,0.9342723004672905,32.0,Fear,2,72322.788824,1,114698.48172006561,Medium
2025-03-18,72322.788824,834,4856.901043165468,4050655.47,188.0,58.0,396.0,440.0,0.7642276422733162,0.8999999999979545,34.0,Fear,2,29374.682341,1,98665.09232500092,Medium
2025-03-19,29374.682341,1612,2852.8620161290323,4598813.57,671.0,104.0,1066.0,473.0,0.865806451611786,2.253699788578745,32.0,Fear,2,10246.859436,1,33247.02987846826,Low
2025-03-20,10246.859436,771,2143.0063942931256,1652257.93,315.0,125.0,589.0,180.0,0.7159090909074639,3.2722222222040434,49.0,Neutral,4,6951.270374,1,33780.704585013424,Low
2025-03-21,6951.270374,698,3644.560730659026,2543903.39,349.0,0.0,633.0,49.0,0.9999999999971347,12.918367346675137,31.0,Fear,2,12498.535254,1,32993.14105780618,Low
2025-03-22,12498.535254,535,1816.4662056074767,971809.42,254.0,77.0,97.0,412.0,0.7673716012061409,0.23543689320331204,32.0,Fear,2,14047.421585,1,25661.070593016084,Low
2025-03-23,14047.421585,447,5802.057427293064,2593519.67,146.0,0.0,243.0,157.0,0.9999999999931508,1.5477707006270844,30.0,Fear,2,107878.961301,1,22649.319834338665,Low
2025-03-24,107878.961301,1027,2938.254186952288,3017587.05,632.0,39.0,451.0,521.0,0.9418777943354071,0.8656429942401811,45.0,Neutral,4,32030.90678,1,38882.00799793638,Low
2025-03-25,32030.90678,791,6792.060391908975,5372519.77,286.0,104.0,594.0,165.0,0.733333333331453,3.599999999978182,46.0,Neutral,4,15802.167427,1,35474.29671889515,Low
2025-03-26,15802.167427,3102,2449.30830754352,7597754.37,841.0,777.0,1975.0,1019.0,0.5197775030899137,1.9381746810579605,47.0,Neutral,4,58825.359221,1,35910.00385856245,Low
2025-03-27,58825.359221,785,4127.744535031847,3240279.46,262.0,3.0,369.0,384.0,0.9886792452792881,0.9609374999974976,40.0,Fear,2,21337.179335,1,36485.396993138216,Low
2025-03-28,21337.179335,728,2037.2151236263737,1483092.61,231.0,3.0,496.0,163.0,0.9871794871752685,3.0429447852574056,44.0,Fear,2,12098.872931,1,34988.11370104301,Low
2025-03-29,12098.872931,1894,1936.7221911298839,3668151.83,674.0,266.0,1730.0,59.0,0.7170212765949819,29.322033897808105,26.0,Fear,2,15795.11514,1,35035.983231504986,Low
2025-03-30,15795.11514,568,5019.146056338028,2850874.96,94.0,12.0,532.0,25.0,0.8867924528218227,21.2799999991488,32.0,Fear,2,6978.184557,1,34847.291192899516,Low
2025-03-31,6978.184557,495,4373.277717171717,2164772.4699999997,259.0,33.0,290.0,21.0,0.8869863013668254,13.809523808866214,34.0,Fear,2,-2202.6622420000003,0,17542.9593645439,Low
2025-04-01,-2202.6622420000003,192,3668.9853645833336,704445.1900000001,88.0,34.0,109.0,68.0,0.7213114754039237,1.6029411764470154,34.0,Fear,2,202212.740938,1,19369.213911513554,Low
2025-04-02,202212.740938,1076,3594.7310408921935,3867930.6,963.0,1.0,948.0,109.0,0.9989626556006235,8.697247706342226,44.0,Fear,2,-2365.961276,0,71967.67156215853,Low
2025-04-03,-2365.961276,1748,4960.087614416476,8670233.15,520.0,114.0,1527.0,198.0,0.8201892744466559,7.712121212082263,25.0,Fear,2,-25515.678949999998,0,73704.74905759576,Low
2025-04-04,-25515.678949999998,1272,3015.3661399371067,3835545.73,493.0,196.0,978.0,239.0,0.7155297532645638,4.092050209187899,28.0,Fear,2,35907.33771,1,77324.78424953994,Low
2025-04-05,35907.33771,360,3521.011722222222,1267564.22,209.0,6.0,310.0,30.0,0.9720930232512927,10.33333333298889,30.0,Fear,2,47053.449272,1,76950.85593172886,Low
2025-04-06,47053.449272,1048,3388.59929389313,3551252.06,332.0,14.0,896.0,117.0,0.9595375722515621,7.658119658054204,34.0,Fear,2,34527.370305,1,76694.43540120387,Low
2025-04-07,34527.370305,2814,5138.682707889126,14460253.14,673.0,590.0,1628.0,1088.0,0.5328582739504887,1.4963235294103894,23.0,Extreme Fear,0,34899.394798,1,75569.45626338241,Low
2025-04-08,34899.394798,943,9405.505196182397,8869391.4,386.0,75.0,680.0,160.0,0.8373101952259494,4.249999999973438,24.0,Extreme Fear,0,43120.444797,1,73269.83738278737,Low
2025-04-09,43120.444797,3967,7198.589984875221,28556806.47,1708.0,516.0,1586.0,2199.0,0.7679856115104461,0.7212369258750699,18.0,Extreme Fear,0,158261.822261,1,27127.496469165948,Low
2025-04-10,158261.822261,2127,13512.90704748472,28741953.29,1125.0,206.0,699.0,1399.0,0.8452291510136399,0.4996426018581132,39.0,Fear,2,126406.479081,1,54890.389890295206,Low
2025-04-11,126406.479081,1096,10327.853166058394,11319327.07,368.0,85.0,335.0,697.0,0.812362030903284,0.48063127690031476,25.0,Fear,2,410419.694533,1,51412.997625747426,Low
2025-04-12,410419.694533,2109,26512.383826458037,55914617.49,574.0,147.0,692.0,1332.0,0.7961165048532648,0.5195195195191294,43.0,Fear,2,48696.021521,1,136380.06655669643,Medium
2025-04-13,48696.021521,1321,10727.596358819075,14171154.79,478.0,88.0,546.0,717.0,0.8445229681963878,0.7615062761495656,45.0,Neutral,4,45680.443063,1,136230.75674132747,Medium
2025-04-14,45680.443063,890,14696.598853932584,13079972.98,376.0,42.0,579.0,275.0,0.8995215310983266,2.1054545454468894,31.0,Fear,2,72357.706282,1,135093.1342327782,Medium
2025-04-15,72357.706282,1131,18348.51303271441,20752168.24,647.0,5.0,543.0,574.0,0.9923312883420363,0.945993031357237,38.0,Fear,2,58631.730257,1,131677.64358805591,Medium
2025-04-16,58631.730257,1608,22700.69396766169,36502715.9,547.0,260.0,983.0,512.0,0.6778190830227041,1.91992187499625,29.0,Fear,2,5427.919886,1,130107.27985474227,Medium
2025-04-17,5427.919886,1031,2526.238128031038,2604551.51,313.0,56.0,115.0,890.0,0.8482384823825251,0.12921348314592224,30.0,Fear,2,4880.4047439999995,1,137481.2112917716,Medium
2025-04-18,4880.4047439999995,1894,12994.007634635693,24610650.46,971.0,21.0,390.0,1140.0,0.9788306451603036,0.34210526315759465,33.0,Fear,2,71950.577495,1,142592.08806765705,Medium
2025-04-19,71950.577495,2786,11739.577426417804,32706462.71,814.0,208.0,584.0,1856.0,0.7964774951068527,0.31465517241362356,32.0,Fear,2,25060.341936,1,28409.171970069758,Low
2025-04-20,25060.341936,1982,6118.110015136226,12126094.05,790.0,172.0,176.0,1372.0,0.8212058212049675,0.1282798833818307,37.0,Fear,2,34369.267906999994,1,29145.62328548324,Low
2025-04-21,34369.267906999994,1718,24507.598859138536,42104054.84,677.0,175.0,680.0,824.0,0.7946009389662035,0.8252427184456005,39.0,Fear,2,58652.763578,1,29128.612028006555,Low
2025-04-22,58652.763578,2998,11258.714222815212,33753625.24,888.0,400.0,528.0,2467.0,0.6894409937882846,0.21402513173886745,47.0,Neutral,4,-419020.225731,0,26883.258469962897,Low
2025-04-23,-419020.225731,6159,4981.72492125345,30682443.79,2000.0,2139.0,1260.0,4399.0,0.4832085044695619,0.28642873380307193,72.0,Greed,3,50704.395965,1,172832.30418544903,High
2025-04-24,50704.395965,2232,15720.841684587815,35088918.64,923.0,263.0,1357.0,530.0,0.778246205732902,2.560377358485735,63.0,Greed,3,20218.859206,1,175263.38037102527,High
2025-04-25,20218.859206,1653,16787.32957047792,27749455.78,638.0,92.0,236.0,1104.0,0.8739726027385288,0.21376811594183537,60.0,Greed,3,-4125.753942,0,175790.97951431217,High
2025-04-26,-4125.753942,1131,10564.215534924844,11948127.77,195.0,357.0,339.0,393.0,0.3532608695645774,0.8625954198451333,65.0,Greed,3,2702.067468,1,171266.0948369262,High
2025-04-27,2702.067468,337,1446.6993768545994,487537.69,120.0,43.0,171.0,37.0,0.7361963190138884,4.621621621496713,61.0,Greed,3,36906.813759,1,170198.2235246244,High
2025-04-28,36906.813759,1379,18944.83066715011,26124921.49,575.0,147.0,868.0,325.0,0.7963988919656559,2.670769230761013,54.0,Neutral,4,125749.613427,1,170377.2887142997,High
2025-04-29,125749.613427,2243,15198.177289344627,34089511.66,969.0,65.0,993.0,1034.0,0.9371373307534457,0.9603481624748933,60.0,Greed,3,14003.797269,1,178310.94972258882,High
2025-04-30,14003.797269,1113,11405.10229110512,12693878.85,295.0,34.0,543.0,130.0,0.896656534951682,4.176923076890947,56.0,Greed,3,54536.829297000004,1,44194.39611558952,Low
2025-05-01,54536.829297000004,1230,8715.642699186992,10720240.52,530.0,144.0,347.0,340.0,0.7863501483667859,1.020588235291116,53.0,Neutral,4,,0,44442.02096050827,Low
